description,brand,category,calories,protein,fat,carbs,category_term
"Milk, reduced fat, fluid, 2% milkfat, with added vitamin A and vitamin D",Generic,milk 2%,50.0,3.36,1.9,4.9,
"Cheese, cottage, lowfat, 2% milkfat",Generic,milk 2%,352.0,11.0,2.3,4.31,
2% MILK,Alpenrose Dairy Inc.,milk 2%,54.0,3.33,2.08,5.0,
"Cheese, ricotta, whole milk",Generic,milk 2%,157.0,7.81,11.0,6.86,
"Yogurt, plain, whole milk",Generic,milk 2%,77.3,3.82,4.48,5.57,
"Almond milk, unsweetened, plain, refrigerated",Generic,milk 2%,19.3,0.656,1.56,0.671,
"Cheese, feta, whole milk, crumbled",Generic,milk 2%,273.0,19.7,19.1,5.58,
"Oat milk, unsweetened, plain, refrigerated",Generic,milk 2%,48.3,0.797,2.75,5.1,
"Soy milk, sweetened, plain, refrigerated",Generic,milk 2%,40.7,2.78,1.96,3.0,
"Yogurt, Greek, plain, whole milk",Generic,milk 2%,94.5,8.78,4.39,4.75,
"Almond milk, unsweetened, plain, shelf stable",Generic,milk 2%,14.6,0.555,1.22,0.337,
"Soy milk, unsweetened, plain, shelf stable",Generic,milk 2%,38.5,3.55,2.12,1.29,
"Milk, whole, 3.25% milkfat, with added vitamin D",Generic,milk 2%,251.0,3.27,3.2,4.63,
WHOLE MILK,"Upstate Niagara Cooperative, Inc.",whole milk,62.0,3.33,3.33,5.0,
SKIM MILK,Kleinpeter Farms Dairy Inc.,skim milk,38.0,3.39,0.0,5.51,
"Flour, almond",Generic,almond milk,578.0,26.2,50.2,16.2,
"Almond butter, creamy",Generic,almond milk,603.0,20.8,53.0,21.2,
"Nuts, almonds, whole, raw",Generic,almond milk,584.0,21.5,51.1,20.0,
"Nuts, almonds, dry roasted, with salt added",Generic,almond milk,2590.0,20.4,57.8,16.2,
"Milk, lowfat, fluid, 1% milkfat, with added vitamin A and vitamin D",Generic,almond milk,43.0,3.38,0.95,5.18,
"Flour, oat, whole grain",Generic,oat milk,386.0,13.2,6.31,69.9,
"Oats, whole grain, steel cut",Generic,oat milk,379.0,12.5,5.8,69.8,
"Oats, whole grain, rolled, old fashioned",Generic,oat milk,379.0,13.5,5.89,68.7,
"OAT MILK CHOCOLATE, OAT MILK",Lisa Produce,oat milk,571.0,5.71,40.0,51.4,
"OAT MILK POPS, OAT MILK",JonnyPops LLC,oat milk,127.0,0.0,2.73,23.6,
MILKED OATS,Steuben Foods Inc.,oat milk,42.0,1.67,0.62,7.5,
"Flour, soy, defatted",Generic,soy milk,1530.0,51.1,3.33,32.9,
"Flour, soy, full-fat",Generic,soy milk,1890.0,38.6,20.7,27.9,
NATURAL SOY BEAN MILK,Angus Aircured,soy milk,58.0,3.16,3.68,2.63,
ORGANIC SOY MILK POWDER,Now Health Group Inc.,soy milk,474.0,42.1,18.4,31.6,
GREEK YOGURT,"Ocean Spray Cranberries, Inc.",greek yogurt,467.0,3.33,20.0,70.0,
"Yogurt, Greek, plain, nonfat",Generic,greek yogurt,61.0,10.3,0.37,3.64,
"Yogurt, Greek, strawberry, nonfat",Generic,greek yogurt,347.0,8.06,0.15,12.0,
"Yogurt, plain, nonfat",Generic,greek yogurt,50.1,4.23,0.0875,8.08,
PLAIN YOGURT,"Cowrind Studios, Inc.",plain yogurt,40.0,3.41,1.7,5.68,
"PLAIN YOGURT, PLAIN",Wayfare Inc.,plain yogurt,103.0,3.68,5.15,8.82,
"VANILLA YOGURT, VANILLA YOGURT","Snyder's-Lance, Inc.",vanilla yogurt,464.0,3.57,17.9,67.9,
"VANILLA YOGURT PARFAIT, VANILLA YOGURT","Meijer, Inc.",vanilla yogurt,112.0,2.92,1.04,24.2,
"VANILLA YOGURT, VANILLA","Safeway, Inc.",vanilla yogurt,106.0,3.53,2.94,16.5,
"LA YOGURT, LOWFAT YOGURT, VANILLA, VANILLA","Johanna Foods, Inc.",vanilla yogurt,93.0,4.85,1.1,15.4,
"VANILLA YOGURT COVERED RAISINS, VANILLA YOGURT",Sun-Maid Growers of California,vanilla yogurt,442.0,2.33,18.6,69.8,
"VANILLA YOGURT FLAVORED RAISINS, VANILLA YOGURT",Sun-Maid Growers of California,vanilla yogurt,442.0,2.33,18.6,69.8,
"VANILLA YOGURT NUTRITION BAR, VANILLA YOGURT","Lifestyle Evolution, Inc.",vanilla yogurt,340.0,22.0,6.0,54.0,
"Strawberries, raw",Generic,strawberry yogurt,32.7,0.641,0.22,7.96,
"STRAWBERRY YOGURT BARS, STRAWBERRY YOGURT",Abbott Laboratories Inc ,strawberry yogurt,420.0,28.0,12.0,50.0,
"STRAWBERRY YOGURT MUFFINS, STRAWBERRY YOGURT","Bimbo Bakeries USA, Inc.",strawberry yogurt,383.0,4.26,17.0,55.3,
"STRAWBERRY YOGURT PARFAIT, STRAWBERRY YOGURT","Meijer, Inc.",strawberry yogurt,112.0,2.92,1.04,24.2,
"STRAWBERRY YOGURT PRETZELS, STRAWBERRY YOGURT","Ellis Pecan Co., Inc.",strawberry yogurt,467.0,3.33,20.0,,
"STRAWBERRY YOGURT, STRAWBERRY",Yoplait USA,strawberry yogurt,121.0,3.55,6.38,13.5,
STRAWBERRY YOGURT WITH STRAWBERRIES,"Renaissance Food Group, LLC",strawberry yogurt,102.0,2.83,0.53,21.6,
CHEDDAR CHEESE,"Grafton Village Cheese Co, LLC",cheddar cheese,393.0,21.4,28.6,3.57,
MOZZARELLA CHEESE,"Weis Markets, Inc.",mozzarella cheese,267.0,20.0,20.0,3.33,
PARMESAN CHEESE,"Lowe's Food Stores, Inc.",parmesan cheese,400.0,40.0,30.0,0.0,
CREAM CHEESE,Star Markets Co.,cream cheese,321.0,7.14,32.1,7.14,
COTTAGE CHEESE,"Lala U.S., Inc. ",cottage cheese,106.0,11.5,4.42,3.54,
"Butter, stick, salted",Generic,butter salted,,,82.2,,
"Salt, table, iodized",Generic,butter salted,,,,,
"Butter, stick, unsalted",Generic,butter salted,,,81.5,,
"Peanut butter, creamy",Generic,butter salted,589.0,24.0,49.4,22.7,
"Sesame butter, creamy",Generic,butter salted,648.0,19.7,62.4,14.2,
"Tomato, sauce, canned, with salt added",Generic,butter salted,34.2,1.35,0.382,6.33,
"Anchovies, canned in olive oil, with salt, drained",Generic,butter salted,206.0,26.9,9.85,2.41,
"Tomato, paste, canned, without salt added",Generic,butter salted,88.5,4.23,0.732,20.2,
"Kale, frozen, cooked, boiled, drained, without salt",Generic,butter salted,151.0,2.94,1.21,5.3,
"Tomatoes, whole, canned, solids and liquids, with salt added",Generic,butter salted,19.1,0.868,0.206,4.29,
"Seeds, sunflower seed kernels, dry roasted, with salt added",Generic,butter salted,2560.0,21.0,56.1,14.9,
"BUTTER AND SALT POPCORN, BUTTER AND SALT",Troyer Dist. Co.,butter salted,433.0,6.67,23.3,53.3,
"SALTED BUTTER STICKS, SALTED BUTTER",Prosperity Organic Foods,butter salted,571.0,0.0,64.3,0.0,
"UNSALTED BUTTER, UNSALTED",Target Stores,butter unsalted,714.0,0.0,78.6,0.0,
HEAVY CREAM,Elmhurst Milk & Cream Co.Inc.,heavy cream,333.0,0.0,33.3,0.0,
SOUR CREAM,Dean Foods Company,sour cream,200.0,3.33,16.7,6.67,
LARGE EGGS,Stater Bros. Markets Inc.,large eggs,140.0,12.0,10.0,0.0,
BROWN EGGS,THE HAPPY EGG CO,brown eggs,140.0,12.0,10.0,0.0,
"Eggs, Grade A, Large, egg white",Generic,brown eggs,55.0,10.7,0.0,2.36,
"Eggs, Grade A, Large, egg whole",Generic,brown eggs,617.0,12.4,9.96,0.2,
"Eggs, Grade A, Large, egg yolk",Generic,brown eggs,1400.0,16.2,28.8,1.02,
"Flour, rice, brown",Generic,brown eggs,365.0,7.19,3.85,75.5,
"Egg, white, dried",Generic,brown eggs,376.0,79.9,0.65,6.02,
"Egg, whole, dried",Generic,brown eggs,575.0,48.1,39.8,1.87,
"Egg, yolk, dried",Generic,brown eggs,2740.0,34.2,55.5,1.07,
"Beans, Dry, Brown (0% moisture)",Generic,brown eggs,,25.6,1.12,,
"Egg, white, raw, frozen, pasteurized",Generic,brown eggs,201.0,10.1,0.16,0.74,
"Egg, whole, raw, frozen, pasteurized",Generic,brown eggs,150.0,12.3,10.3,0.91,
"Egg, yolk, raw, frozen, pasteurized",Generic,brown eggs,1240.0,15.6,25.1,0.59,
"Rice, brown, long grain, unenriched, raw",Generic,brown eggs,368.0,7.25,3.31,76.7,
BROWN LARGE EGGS,Kreider Farms,brown eggs,140.0,12.0,10.0,0.0,
FRESH BROWN EGGS,"Ahold Usa, Inc.",brown eggs,143.0,12.7,9.52,0.0,
ORGANIC EGGS,Pete and Gerry's Organics,organic eggs,136.0,13.6,9.09,0.0,
EGG WHITES,"Wegmans Food Markets, Inc. ",egg whites,43.0,10.9,0.0,0.0,
WHOLE WHEAT BREAD,"Giant Eagle, Inc.",whole wheat bread,233.0,11.6,2.33,44.2,
"Bread, whole-wheat, commercially prepared",Generic,whole wheat bread,1060.0,12.3,3.55,39.2,
"Flour, whole wheat, unenriched",Generic,whole wheat bread,1550.0,15.1,2.73,71.2,
"WHOLE WHEAT BREAD, WHOLE WHEAT",Bashas' Markets,whole wheat bread,278.0,8.33,2.78,55.6,
WHITE BREAD,Alfred Nickles Bakery Inc.,white bread,260.0,8.0,3.0,48.0,
SOURDOUGH BREAD,Stone Mill Bread & Flour Co.,sourdough bread,214.0,7.14,0.0,46.4,
"SOURDOUGH BREAD, SOURDOUGH",Aspen Mills Bread Co. of Utah,sourdough bread,230.0,7.5,0.0,50.0,
RYE BREAD,Russo's Bakery,rye bread,267.0,10.0,0.0,53.3,
"Flour, rye",Generic,rye bread,351.0,8.4,1.91,77.2,
"RYE BREAD, RYE","Detroit City Dairy, Inc.",rye bread,244.0,12.2,0.0,51.2,
"RYE BREAD DIP, RYE BREAD","Wegmans Food Markets, Inc. ",rye bread,400.0,3.33,43.3,3.33,
"RYE BREAD DIP, RYE","Wegmans Food Markets, Inc. ",rye bread,400.0,3.33,43.3,3.33,
"WHOLE RYE BREAD WITH WHOLE RYE KERNELS, WHOLE RYE BREAD",W. Mestemacher Gmbh,rye bread,167.0,4.17,1.39,36.1,
"CARAWAY RYE BREAD, CARAWAY RYE",Chuckanut Brewery,rye bread,224.0,8.16,1.02,46.9,
"DARK RYE BREAD, DARK RYE",Klosterman Baking Company,rye bread,244.0,9.76,2.44,43.9,
"DELI RYE BREAD, DELI RYE",United States Bakery,rye bread,250.0,10.0,2.5,50.0,
"DILL RYE BREAD, DILL RYE",Kraft Heinz Foods Company,rye bread,281.0,9.38,3.12,50.0,
"GERMAN RYE BREAD, GERMAN RYE","Perfection Bakeries, Inc.",rye bread,256.0,9.3,3.49,48.8,
MULTIGRAIN BREAD,Target Stores,multigrain bread,279.0,11.6,4.65,51.2,
BAGELS,"Ahold USA, Inc. ",bagels,274.0,9.47,4.21,52.6,
"EVERYTHING BAGELS, BAGELS",Langendorf Baking Co.,bagels,282.0,10.6,4.71,48.2,
"BAGEL POTATO CRISPS, BAGEL",The Kellogg Company ,bagels,536.0,3.57,32.1,60.7,
"BAGELS FOREVER, BAGEL CHIPS","Bagels Forever, Inc.",bagels,393.0,14.3,0.0,75.0,
"HOMETOWN BAGEL, BAGEL CHIPS",Hometown BCN Inc.,bagels,393.0,14.3,7.14,71.4,
"PREMIUM BAGEL SEASONING, BAGEL",Coborn's Incorporated,bagels,0.0,0.0,0.0,0.0,
"SWEET NOTE BAGELS, BAGELS",Sweet Note Bakery Inc.,bagels,234.0,3.12,3.52,48.4,
CROISSANT,"Voila Bakeries, Inc.",croissant,395.0,4.65,25.6,37.2,
"CROISSANT BREAD, CROISSANT","Bimbo Bakeries USA, Inc.",croissant,395.0,7.89,21.0,47.4,
CROISSANTS,"Wal-Mart Stores, Inc.",croissant,333.0,8.33,14.6,45.8,
"CROISSANT CHOCOLATE FILLING, CROISSANT",Becker Labs,croissant,378.0,6.67,13.3,53.3,
"BUTTER CROISSANT SINGLE, BUTTER CROISSANT",Martin's Super Markets,croissant,380.0,7.04,22.5,36.6,
BUTTER CROISSANTS,FRESH & EASY,croissant,364.0,7.79,16.9,44.2,
TORTILLA WRAPS,"Ole Mexican Foods, Inc.",tortilla wraps,133.0,8.89,3.33,35.6,
TOMATO TORTILLA WRAPS,Hannaford Bros. Co.,tortilla wraps,279.0,7.35,5.88,48.5,
"TORTILLA WRAPS, SPINACH","Magnolia Foods, Inc.",tortilla wraps,279.0,6.98,6.98,44.2,
"AVOCADO WRAPS TORTILLA, AVOCADO","Photo Oasis, Inc.",tortilla wraps,263.0,15.8,7.89,39.5,
BURRITO FLOUR TORTILLA WRAPS,Mission Foods Inc ,tortilla wraps,155.0,14.1,8.45,45.1,
CHIA & QUINOA TORTILLA WRAPS,"Magnolia Foods, Inc.",tortilla wraps,279.0,6.98,6.98,44.2,
GARLIC & HERB TORTILLA WRAPS,Hannaford Bros. Co.,tortilla wraps,265.0,7.35,5.88,47.1,
LOW CARB WRAPS TORTILLAS,ALTA Foods LLC,tortilla wraps,186.0,11.6,9.3,27.9,
ORIGINAL FLOUR TORTILLA WRAPS,Hannaford Bros. Co.,tortilla wraps,265.0,7.35,5.88,47.1,
TOMATO BASIL  TORTILLA WRAPS,"Ole Mexican Foods, Inc.",tortilla wraps,111.0,11.1,3.33,33.3,
"TORTILLA WRAPS, ONION & CHIVES","Magnolia Foods, Inc.",tortilla wraps,279.0,6.98,6.98,44.2,
"TORTILLA, BEAN & CHEESE WRAP",Flagship Food Group North America LLC,tortilla wraps,231.0,10.3,9.62,28.8,
"WHEAT TORTILLA WRAPS, WHEAT","Bimbo Bakeries USA, Inc.",tortilla wraps,302.0,9.3,8.14,46.5,
"WHITE TORTILLA WRAPS, WHITE","Bimbo Bakeries USA, Inc.",tortilla wraps,302.0,6.98,8.14,48.8,
PITA BREAD,Middle East Bakery Inc,pita bread,231.0,10.3,2.56,43.6,
"PITA BREAD, PITA BREAD",Cedars Co.,pita bread,275.0,10.7,2.32,57.1,
"PITA AUTHENTIC BREAD, PITA",Kermanig Bakery,pita bread,128.0,,0.0,25.5,
"PITA MINI BREAD, PITA",Middle East Bakery Inc,pita bread,179.0,17.9,5.36,25.0,
"THE ORIGINAL PITA BREAD, ORIGINAL PITA",Kermanig Bakery,pita bread,212.0,7.06,0.59,45.9,
"WHITE PITA BREAD, WHITE PITA",Baladi Bakery LLC ,pita bread,267.0,6.67,2.22,55.6,
"WHOLEGRAIN PITA BREADS, WHOLEGRAIN PITA","Photo Oasis, Inc.",pita bread,218.0,5.45,2.73,38.2,
MULTIGRAIN PITA BREAD,Kronos Foods Corp,pita bread,270.0,8.11,6.76,43.2,
ORGANIC PITA BREAD,Middle East/soli's Baking Co.,pita bread,228.0,7.02,2.63,45.6,
ORIGINAL PITA BREADS,Mission Foods Inc ,pita bread,263.0,10.5,0.88,54.4,
PITA BREAD CRUST,Fotis and Son Imports,pita bread,172.0,7.81,6.25,20.3,
PITETTES PITA BREAD,Toufayan Bakery Inc,pita bread,286.0,10.7,1.79,53.6,
POCKET PITA BREAD,"Beirut Bakery, Inc.",pita bread,212.0,6.06,0.0,43.9,
POCKET PITA BREADS,MJAY's Specialty Baked Foods Inc.,pita bread,259.0,9.41,1.76,52.9,
WHEAT PITA BREAD,"Las Vegas Gourmet Bakery, LLC",pita bread,250.0,8.93,1.79,48.2,
ORIGINAL NAAN BREADS,Mission Foods Inc ,naan bread,310.0,9.52,9.52,50.0,
PLAIN BREAD (NAAN),"Avo's Bakery, Inc.",naan bread,254.0,7.04,2.11,49.3,
"GARLIC NAAN BREAD, GARLIC","Aladdin's Baking Company, Inc.",naan bread,253.0,8.86,3.8,48.1,
"GARLIC NAAN INDIAN STYLE TANDOORI FLAT BREAD, GARLIC NAAN","Wegmans Food Markets, Inc. ",naan bread,302.0,9.52,7.94,46.0,
"GARLIC NAAN ARTISAN BREAD, GARLIC","Safeway, Inc.",naan bread,310.0,9.52,8.33,47.6,
"ORIGINAL MINI NAAN BREADS, ORIGINAL",Mission Foods Inc ,naan bread,320.0,10.0,9.0,50.0,
"ORIGINAL NAAN ARTISAN BREAD, ORIGINAL","Safeway, Inc.",naan bread,286.0,9.52,7.14,47.6,
"Bread, white, commercially prepared",Generic,naan bread,1130.0,9.43,3.59,44.8,
"Flour, bread, white, enriched, unbleached",Generic,naan bread,1520.0,14.3,1.65,72.8,
"NAAN BAKED FLATBREAD, NAAN",Rafael Padilla & Cia S. En C.,naan bread,258.0,7.58,3.79,48.5,
BROWN RICE,"Goya Foods, Inc. ",brown rice,357.0,7.14,3.57,76.2,
WHITE RICE,Food Town Stores Inc.,white rice,356.0,6.67,0.0,80.0,
"Flour, rice, white, unenriched",Generic,white rice,359.0,6.94,1.3,79.8,
"Rice, white, long grain, unenriched, raw",Generic,white rice,370.0,7.04,1.03,80.3,
"Flour, rice, glutinous",Generic,white rice,1500.0,6.69,1.16,80.1,
"Rice, black, unenriched, raw",Generic,white rice,361.0,7.57,3.44,77.2,
"Wild rice, dry, raw",Generic,white rice,359.0,12.8,1.7,75.7,
BASMATI RICE,Market Basket Inc.,basmati rice,,3.2,1.6,43.2,
JASMINE RICE,Beta Ii Marketing Corporation,jasmine rice,356.0,6.67,0.0,80.0,
WILD RICE,American Roland Food LLC,wild rice,378.0,13.3,1.11,77.8,
"Halibut, frozen, wild caught",Generic,wild rice,81.3,19.1,0.592,-0.0602,
"Snapper, frozen, wild caught",Generic,wild rice,89.5,20.7,0.569,0.441,
"Swordfish, frozen, wild caught",Generic,wild rice,152.0,19.2,8.12,0.45,
"Mahi mahi, frozen, wild caught",Generic,wild rice,83.7,19.8,0.377,0.287,
"Scallops, sea, frozen, wild caught",Generic,wild rice,66.4,13.5,0.493,1.97,
"Cod, Pacific or Alaskan, frozen, wild caught",Generic,wild rice,60.8,14.2,0.216,0.524,
"Fish, cod, Atlantic, wild caught, raw",Generic,wild rice,70.5,16.1,0.668,0.0,
QUINOA,Eillien's Candies Inc.,quinoa,357.0,14.3,7.14,64.3,
COUSCOUS,"Hy-Vee, Inc.",couscous,378.0,13.3,0.0,77.8,
"COUSCOUS MARROQUIM, COUSCOUS",Henry Gonsalves Company,couscous,357.0,12.9,1.43,72.9,
"COUSCOUS SALAD, COUSCOUS",SUMMER FRESH,couscous,160.0,5.0,7.0,21.0,
"ROLLED OATS, ROLLED OATS","Post Consumer Brands, LLC",oats rolled,375.0,12.5,7.5,67.5,
ROLLED OATS,"Post Consumer Brands, LLC",oats rolled,375.0,12.5,7.5,67.5,
"WHEAT & OAT ROLLS, WHEAT & OAT",United States Bakery,oats rolled,263.0,10.5,3.51,49.1,
INSTANT ROLLED OATS,"Bob's Red Mill Natural Foods, Inc.",oats rolled,406.0,12.5,7.81,71.9,
STEEL CUT OATS,"The Hain Celestial Group, Inc.",steel cut oats,378.0,13.3,6.67,66.7,
CEREAL,"General Mills, Inc.",cereal,389.0,5.56,4.17,86.1,
GRANOLA,MCCABE'S GRANOLA,granola,464.0,14.3,28.6,46.4,
SPAGHETTI,"Delhaize America, Inc.",spaghetti,357.0,12.5,1.79,73.2,
PENNE PASTA,"General Mills, Inc.",penne pasta,165.0,7.19,0.72,33.1,
"PENNE PASTA, PENNE",Brandable Inc,penne pasta,339.0,23.2,0.0,62.5,
"PASTA, PENNE",Litehouse Inc.,penne pasta,357.0,21.4,1.79,64.3,
FETTUCCINE,"Bay Valley Foods, LLC",fettuccine,357.0,12.5,1.79,73.2,
"FETTUCCINE PASTA, FETTUCCINE",Valley Fine Foods Company,fettuccine,290.0,12.0,3.0,53.0,
LASAGNA,"Scardigno's Prime Meats & Groceries, Inc",lasagna,101.0,5.53,4.15,10.1,
"LASAGNA SEMOLINA, LASAGNA","Flora's Distributors, Inc.",lasagna,370.0,13.0,1.85,75.9,
"LASAGNA TACOS, LASAGNA",Productos Kikuet Inc.,lasagna,300.0,8.18,12.7,39.1,
"CHEESE CURD LASAGNA, LASAGNA","Sugar Mountain Capital, LLC",lasagna,148.0,6.36,7.42,14.5,
"LASAGNA ROLLUPS & SAUCE, LASAGNA",MamaMancini's Inc.,lasagna,141.0,6.06,4.55,19.2,
"LASAGNA ALFREDO WITH BROCCOLI, LASAGNA ALFREDO",Bellisio Foods Inc,lasagna,127.0,4.23,5.16,16.0,
"LASAGNA ENRICHED MACARONI PRODUCT, LASAGNA","Unified Grocers, Inc.",lasagna,360.0,12.0,2.0,74.0,
WHOLE WHEAT PASTA,"George DeLallo Co., Inc.",whole wheat pasta,357.0,10.7,2.68,76.8,
"WHOLE WHEAT PENNE PASTA, WHOLE WHEAT",Star Markets Co.,whole wheat pasta,357.0,12.5,2.68,73.2,
"CHICKEN WITH WHOLE WHEAT PASTA SOUP, CHICKEN WITH WHOLE WHEAT PASTA","Finlay Extracts & Ingredients USA, Inc.",whole wheat pasta,41.0,2.45,0.82,5.71,
"100% WHOLE WHEAT ORZO PASTA, WHOLE WHEAT",Riviana Foods Inc.,whole wheat pasta,357.0,12.5,1.79,69.6,
"BARILLA, WHOLE WHEAT PASTA",Barilla G & R F.Lli S.P.A.,whole wheat pasta,321.0,14.3,2.68,69.6,
"LINGUINE, WHOLE WHEAT PASTA",Barilla G & R F.Lli S.P.A.,whole wheat pasta,321.0,14.3,2.68,69.6,
ROTINI WHOLE WHEAT PASTA,Barilla G & R F.Lli S.P.A.,whole wheat pasta,321.0,14.3,2.68,69.6,
WHOLE WHEAT PASTA RIGATONI,"Jovial Foods, Inc.",whole wheat pasta,351.0,15.8,2.63,61.4,
"WHOLE WHEAT MACARONI PRODUCT, WHOLE WHEAT ROTINI PASTA",Star Markets Co.,whole wheat pasta,357.0,12.5,2.68,73.2,
WHOLE GRAIN ELBOWS WHOLE WHEAT PASTA,Barilla G & R F.Lli S.P.A.,whole wheat pasta,321.0,14.3,2.68,69.6,
"WHOLE GRAIN WHOLE WHEAT PASTA, ELBOWS",Barilla G & R F.Lli S.P.A.,whole wheat pasta,321.0,14.3,2.68,69.6,
"WHOLE GRAIN WHOLE WHEAT PASTA, SPAGHETTI",Super Store Industries,whole wheat pasta,321.0,16.1,2.68,69.6,
"100% DURUM WHOLE WHEAT PASTA, WHOLE WHEAT ANGEL HAIR","Weis Markets, Inc.",whole wheat pasta,345.0,10.9,1.82,69.1,
RICE NOODLES,"Simply Asia Foods, Inc.",rice noodles,357.0,7.14,0.89,80.4,
RICE NOODLE,Rhee Bros. Inc.,rice noodles,360.0,6.0,0.0,84.0,
"Rice, red, unenriched, dry, raw",Generic,rice noodles,360.0,8.56,3.44,76.2,
"Restaurant, Chinese, fried rice, without meat",Generic,rice noodles,729.0,3.84,3.19,32.5,
RICE STICKS RICE NOODLES,"United Natural Foods, Inc.",rice noodles,364.0,0.0,0.0,90.9,
BROWN RICE NOODLES,"Simply Asia Foods, Inc.",rice noodles,357.0,7.14,1.79,80.4,
FRESH RICE NOODLES,"Ferrero U.S.A., Incorporated",rice noodles,211.0,3.51,0.0,49.1,
CHICKEN BREAST,"Giant Eagle, Inc.",chicken breast,165.0,20.4,8.1,1.06,
"Chicken, breast, boneless, skinless, raw",Generic,chicken breast,112.0,22.5,1.93,0.0,
"Chicken, breast, meat and skin, raw",Generic,chicken breast,133.0,21.4,4.78,-0.428,
"Chicken, broiler or fryers, breast, skinless, boneless, meat only, cooked, braised",Generic,chicken breast,695.0,32.1,3.24,0.0,
"Chicken, ground, with additives, raw",Generic,chicken breast,138.0,17.9,7.16,0.0,
"CHICKEN BREAST FOR FAJITAS, CHICKEN BREAST",RUMBA MEATS,chicken breast,107.0,19.6,2.23,1.79,
CHICKEN THIGH,"Apple Valley Farms, Inc",chicken thigh,193.0,14.0,16.7,0.88,
"Chicken, thigh, boneless, skinless, raw",Generic,chicken thigh,149.0,18.6,7.92,0.0,
"Chicken, thigh, meat and skin, raw",Generic,chicken thigh,193.0,17.1,13.4,-0.173,
CHICKEN THIGHS,Target Stores,chicken thigh,241.0,16.1,16.1,0.0,
"HARVESTLAND, CHICKEN THIGHS, CHICKEN",HARVESTLAND,chicken thigh,214.0,17.0,15.2,0.0,
BONE-IN CHICKEN THIGHS,"Wal-Mart Stores, Inc.",chicken thigh,196.0,15.2,15.2,0.0,
"PERDUE, CHICKEN THIGHS",PERDUE,chicken thigh,214.0,17.0,15.2,0.0,
Uncooked Chicken Thighs,Tyson Foods Inc.,chicken thigh,224.0,15.3,17.9,0.42,
GROUND CHICKEN,"Tyson Foods, Inc.",ground chicken,134.0,17.9,7.14,0.0,
TURKEY BREAST,Diestel Turkey Ranch,turkey breast,123.0,28.1,0.88,0.0,
BEEF STEAK,"Link Snacks, Inc.",beef steak,214.0,42.9,3.57,7.14,
"Beef, tenderloin steak, raw",Generic,beef steak,149.0,21.1,6.46,0.18,
"Beef, top sirloin steak, raw",Generic,beef steak,146.0,22.0,5.71,0.218,
"Beef, flank, steak, boneless, choice, raw",Generic,beef steak,170.0,20.1,9.4,0.0,
"Beef, ribeye, steak, boneless, choice, raw",Generic,beef steak,260.0,18.7,20.0,0.0,
"Beef, short loin (NY strip steak), raw",Generic,beef steak,196.0,21.3,11.5,0.221,
"Beef, short loin, porterhouse steak, separable lean only, trimmed to 1/8"" fat, select, raw",Generic,beef steak,606.0,22.7,5.32,0.0,
"Beef, loin, top loin steak, boneless, lip-on, separable lean only, trimmed to 1/8"" fat, choice, raw",Generic,beef steak,648.0,22.8,6.39,0.0,
"Beef, short loin, t-bone steak, bone-in, separable lean only, trimmed to 1/8"" fat, choice, cooked, grilled",Generic,beef steak,219.0,27.3,11.4,0.0,
"Frankfurter, beef, unheated",Generic,beef steak,1310.0,11.7,28.0,2.89,
"Beef, chuck, roast, boneless, choice, raw",Generic,beef steak,237.0,18.4,17.8,0.0,
"BEEF & STEAK CHILI WITH BEANS, BEEF & STEAK CHILI","Whole Foods Market, Inc.",beef steak,98.0,8.24,4.31,9.41,
"BEEF STEAK & CHEESE SAUSAGE, BEEF STEAK & CHEESE",Diluigi Inc.,beef steak,292.0,15.6,25.1,0.68,
"GRILLED BEEF STEAK BURRITO, GRILLED BEEF STEAK",Ruiz Food Products Inc,beef steak,212.0,10.3,7.69,25.6,
"Beef, loin, tenderloin roast, separable lean only, boneless, trimmed to 0"" fat, select, cooked, roasted",Generic,beef roast,735.0,27.7,6.36,0.0,
"Beef, round, top round roast, boneless, separable lean only, trimmed to 0"" fat, select, raw",Generic,beef roast,514.0,23.7,2.41,0.0,
"Beef, round, eye of round roast, boneless, separable lean only, trimmed to 0"" fat, select, raw",Generic,beef roast,122.0,23.4,2.48,0.0,
"Beef, round, top round, boneless, choice, raw",Generic,beef roast,146.0,21.5,5.7,0.852,
"Sausage, breakfast sausage, beef, pre-cooked, unprepared",Generic,beef roast,1370.0,13.3,28.7,3.37,
"Beef, ground, 80% lean meat / 20% fat, raw",Generic,beef roast,248.0,17.5,19.4,0.0,
"Beef, ground, 90% lean meat / 10% fat, raw",Generic,beef roast,190.0,18.2,12.8,0.0,
"Pork, chop, center cut, raw",Generic,pork chop,145.0,22.8,5.48,-0.562,
"Pork, ground, raw",Generic,pork chop,233.0,17.8,17.5,0.0,
PORK CHOPS,"Wal-Mart Stores, Inc.",pork chop,226.0,15.5,17.9,2.38,
"Pork, belly, with skin, raw",Generic,pork chop,385.0,15.2,35.8,-0.705,
"Pork, loin, boneless, raw",Generic,pork chop,174.0,21.1,9.47,0.0,
"Restaurant, Latino, tamale, pork",Generic,pork chop,174.0,7.38,9.04,15.4,
"BONELESS PORK CHOPS, PORK",Hormel Foods Corporation ,pork chop,142.0,18.6,7.96,0.0,
"PORK CHOP MEAL, PORK","Schnuck Markets, Inc.",pork chop,172.0,11.9,7.93,13.2,
"Pork, cured, bacon, cooked, restaurant",Generic,pork chop,2090.0,40.9,36.5,2.1,
"Pork, loin, tenderloin, boneless, raw",Generic,pork chop,125.0,21.6,3.9,0.0,
"Restaurant, Chinese, sweet and sour pork",Generic,pork chop,260.0,8.88,13.6,23.0,
BONE IN PORK CHOPS,"Osi Industries, LLC",pork chop,167.0,15.5,10.7,2.38,
BONELESS PORK CHOP,Nicolosi Foods Inc.,pork chop,179.0,26.8,7.14,0.0,
BONELESS PORK CHOPS,"Osi Industries, LLC",pork chop,107.0,17.9,2.98,3.57,
PORK TENDERLOIN,PRAIRIE FRESH,pork tenderloin,98.0,17.9,2.23,2.68,
BONELESS PORK TENDERLOIN,FARMER JOHN,pork tenderloin,107.0,21.4,2.23,0.0,
BONELESS PORK TENDERLOINS,FARMER JOHN,pork tenderloin,116.0,22.3,3.57,0.0,
PEPPERCORN PORK TENDERLOIN,"Clemens Food Group, LLC",pork tenderloin,98.0,16.1,1.79,2.68,
Pork Loin Tenderloin,Seaboard Foods LLC,pork tenderloin,116.0,18.8,4.46,0.0,
"BACON JAM, BACON",The Bacon Jams,bacon,250.0,5.0,12.5,35.0,
"BACON GREASE, BACON",Sugar Creek Packing Co.,bacon,1000.0,0.0,108.0,0.0,
"BACON BASE, BACON",L. J. Minor Corp.,bacon,333.0,16.7,25.0,16.7,
"BACON BITS, BACON","Publix Super Markets, Inc.",bacon,429.0,42.9,28.6,0.0,
SAUSAGE,Pinnacle Foods Group LLC,sausage,188.0,7.81,6.25,25.0,
"Sausage, turkey, breakfast links, mild, raw",Generic,sausage,169.0,16.7,10.4,0.93,
"Sausage, Italian, pork, mild, cooked, pan-fried",Generic,sausage,1350.0,18.2,26.2,2.15,
"Sausage, pork, chorizo, link or ground, cooked, pan-fried",Generic,sausage,1450.0,19.3,28.1,2.63,
SALMON FILLET,"Encore Seafoods, Inc.",salmon fillet,150.0,22.1,7.08,0.0,
SALMON FILLETS,"Lipari Foods Operating Company, LLC",salmon fillet,195.0,20.4,12.4,0.0,
"SALMON FILLETS, MILD","Weis Markets, Inc.",salmon fillet,89.0,17.9,2.23,0.0,
COHO SALMON FILLETS,"Winn-Dixie Stores, Inc.",salmon fillet,177.0,17.7,11.5,0.0,
ATLANTIC SALMON FILLET,"Encore Seafoods, Inc.",salmon fillet,212.0,20.4,13.3,0.0,
SKINLESS SALMON FILLETS,Fishin' Company,salmon fillet,159.0,20.4,7.96,0.0,
TILAPIA,High Liner Foods (USA) Incorporated,tilapia,116.0,18.8,3.57,1.79,
"Fish, tilapia, farm raised, raw",Generic,tilapia,100.0,19.0,2.48,0.0,
"TILAPIA LOINS, TILAPIA","Wal-Mart Stores, Inc.",tilapia,101.0,18.2,2.53,0.0,
"TILAPIA FILLETS, TILAPIA","Safeway, Inc.",tilapia,80.0,15.0,1.77,0.0,
"TILAPIA SIGNATURE SEASONING, TILAPIA",Gorton's of Gloucester ,tilapia,95.0,14.2,2.03,4.05,
"TILAPIA SKINLESS FILLETS, TILAPIA","Wal-Mart Stores, Inc.",tilapia,80.0,17.0,1.34,0.0,
TILAPIA FILLET,Koryeo International Corp.,tilapia,80.0,18.6,0.88,0.88,
TILAPIA FILLETS,"Finlay Extracts & Ingredients USA, Inc.",tilapia,97.0,18.6,2.65,0.0,
"SALTED COD FILLETS, SALTED COD",Quirch Foods Company,cod,106.0,25.7,0.88,0.0,
"COD LIVER PATE, COD LIVER",Lobster Potners Ii,cod,536.0,7.14,55.4,0.0,
COD FILLETS,Rafael Padilla & Cia S. En C.,cod,71.0,15.9,0.58,0.0,
COD LOINS,High Liner Foods (USA) Incorporated,cod,86.0,17.9,0.71,0.0,
ATLANTIC COD,Gorton's of Gloucester ,cod,80.0,17.7,0.88,0.0,
PACIFIC COD,"E&E Foods, Inc.",cod,73.0,17.7,0.0,0.0,
SALT COD,Beaver Street Fisheries Inc.,cod,107.0,26.8,0.89,0.0,
COD LIVER,Lobster Potners Ii,cod,382.0,9.09,38.2,1.82,
"Fish, tuna, light, canned in water, drained solids",Generic,tuna canned,376.0,19.0,0.94,0.08,
"Tomato, puree, canned",Generic,tuna canned,34.8,1.58,0.265,8.04,
"Tomatoes, crushed, canned",Generic,tuna canned,32.3,1.44,0.398,7.14,
"Tomatoes, canned, red, ripe, diced",Generic,tuna canned,76.0,0.84,0.5,3.32,
"Tuna, ahi or yellowfin, frozen, wild caught",Generic,tuna canned,102.0,24.7,0.388,-0.104,
"Grapefruit juice, white, canned or bottled, unsweetened",Generic,tuna canned,37.0,0.55,0.7,7.59,
"Beans, black, canned, sodium added, drained and rinsed",Generic,tuna canned,118.0,6.91,1.27,19.8,
"Beans, cannellini, canned, sodium added, drained and rinsed",Generic,tuna canned,112.0,7.41,1.17,18.8,
"Beans, navy, canned, sodium added, drained and rinsed",Generic,tuna canned,116.0,6.57,1.4,20.0,
"Beans, pinto, canned, sodium added, drained and rinsed",Generic,tuna canned,114.0,6.69,1.27,19.6,
"Blackeye pea, canned, sodium added, drained and rinsed",Generic,tuna canned,113.0,6.92,1.3,19.2,
SHRIMP,Seattle Shrimp & Seafood,shrimp,47.0,11.8,0.0,0.0,
CRAB MEAT,"SUPREME CRAB & SEAFOOD, INC.",crab meat,,,,,
"Snow crab, legs only, frozen  ",Generic,crab meat,69.2,15.5,0.294,1.11,
"Crustaceans, crab, blue swimming, lump, pasteurized, refrigerated",Generic,crab meat,86.0,18.6,0.808,0.0,
IMPERIAL CRAB MEAT,Kawasho Foods USA Inc.,crab meat,80.0,19.6,0.0,0.0,
LUMP CRAB MEAT,"Ocean Technology, Inc.",crab meat,79.0,19.3,0.0,0.0,
TOFU FIRM,The Kroger Co.,tofu firm,89.0,8.86,3.8,2.53,
"FIRM TOFU, FIRM","Wegmans Food Markets, Inc. ",tofu firm,89.0,8.86,3.8,2.53,
FIRM TOFU,"Nature Soy, LLC",tofu firm,88.0,9.89,4.4,2.2,
"FIRM ORGANIC TOFU, FIRM","United Natural Foods, Inc.",tofu firm,82.0,8.24,4.71,2.35,
"EXTRA FIRM TOFU, EXTRA FIRM","Urban Asian Produce, LLC ",tofu firm,59.0,5.88,2.94,2.35,
"SUPER FIRM TOFU, SUPER FIRM",Glencourt Inc.,tofu firm,129.0,10.6,5.88,8.24,
EXTRA FIRM TOFU,The Kroger Co.,tofu firm,94.0,10.6,4.71,3.53,
SOFT TOFU,"Gam Industries, Inc.",tofu soft,71.0,8.24,4.12,1.18,
ORGANIC SOFT TOFU,"Nasoya Foods USA, LLC",tofu soft,71.0,8.24,3.53,2.35,
ORGANIC TOFU SOFT,Pulmuone U.S.A. Inc.,tofu soft,82.0,8.24,4.71,2.35,
PREMIUM SOFT TOFU,House Foods America Corporation ,tofu soft,71.0,5.88,3.53,2.35,
SOFT ORGANIC TOFU,"VeggieLand, LLC",tofu soft,59.0,7.06,3.53,2.35,
SOFT PREMIUM TOFU,Rhee Bros. Inc.,tofu soft,66.0,0.0,5.49,2.2,
"SUNRISE, SOFT TOFU",Sunrise Markets Inc.,tofu soft,53.0,5.88,2.94,2.35,
"TOFU, KINUGOSHI-SOFT",Kustom Foods,tofu soft,59.0,5.88,2.94,2.35,
"MANNA PROTEIN, SOFT TOFU",Msb Food Enterprise Inc.,tofu soft,82.0,10.6,2.35,3.53,
"NATURE'S SOY, SOFT TOFU","Nature Soy, Inc.",tofu soft,66.0,6.59,3.3,2.2,
SOON-TOFU: EXTRA SOFT,House Foods America Corporation ,tofu soft,53.0,5.88,2.35,2.35,
"Cookies, oatmeal, soft, with raisins",Generic,tofu soft,1800.0,5.79,14.3,69.6,
ORIGINAL TEMPEH,"Greenleaf Foods, SPC",tempeh,190.0,21.4,5.36,14.3,
"ORGANIC TEMPEH RANCHERO SQUARITO BURRITO, TEMPEH RANCHERO","Whole Foods Market, Inc.",tempeh,135.0,7.06,2.94,23.5,
"FLAX TEMPEH, FLAX","Greenleaf Foods, SPC",tempeh,214.0,21.4,9.52,9.52,
"ORIGINAL TEMPEH, ORIGINAL","Ahold USA, Inc. ",tempeh,224.0,23.5,9.41,12.9,
SOUTHWEST TEMPEH CUBES,"Greenleaf Foods, SPC",tempeh,224.0,15.3,8.24,21.2,
"TEMPEH, SESAME GARLIC","Turtle Island Foods, Inc.",tempeh,165.0,12.9,4.12,16.5,
"CULTURES FOR HEALTH, TEMPEH STARTER",Caldo International Inc.,tempeh,333.0,0.0,0.0,66.7,
ORGANIC GARDEN VEGGIE TEMPEH,"Greenleaf Foods, SPC",tempeh,190.0,19.0,7.14,11.9,
ORGANIC WILD RICE TEMPEH,"Greenleaf Foods, SPC",tempeh,202.0,16.7,5.95,21.4,
"ORIGINAL ORGANIC TEMPEH, ORIGINAL","VeggieLand, LLC",tempeh,227.0,22.7,9.33,13.3,
TEMPEH BUFFALO PRECUT STRIPS,"Greenleaf Foods, SPC",tempeh,192.0,18.2,7.07,13.1,
"TOFURKY, TEMPEH COCONUT CURRY","Turtle Island Foods, Inc.",tempeh,141.0,14.1,3.26,14.1,
"BUFFALO TEMPEH PRECUT STRIPS, BUFFALO","Greenleaf Foods, SPC",tempeh,192.0,18.2,7.07,13.1,
"SEITAN WHEAT PROTEIN CUBED, SEITAN","The Hain Celestial Group, Inc.",seitan,141.0,24.7,2.35,5.88,
"SEITAN WHEAT PROTEIN STRIPS, SEITAN","The Hain Celestial Group, Inc.",seitan,141.0,24.7,2.35,5.88,
SEITAN PITA,Helen's Pure Foods,seitan,110.0,7.0,3.5,12.5,
"SEITAN, ORIGINAL","Pacific Foods of Oregon, Inc.",seitan,107.0,17.9,0.77,9.52,
"PEPPERONI SEITAN, PEPPERONI","Chica Bella, Inc.",seitan,234.0,38.3,2.13,17.0,
SEITAN ITALIAN HERB,"Pacific Foods of Oregon, Inc.",seitan,107.0,17.9,0.77,8.33,
"SEITAN, KOREAN BBQ","Pacific Foods of Oregon, Inc.",seitan,143.0,19.0,2.38,11.9,
"BACON SEITAN IN STRIPS, BACON",Brittany Records,seitan,140.0,26.3,0.88,8.77,
"CHICK SEITAN IN CHUNKS, CHICK","Rje Trade International, Inc.",seitan,158.0,26.3,0.88,12.3,
"CHORIZO SEITAN IN CRUMBLES, CHORIZO",Quisling Media,seitan,175.0,29.8,0.88,8.77,
"GROUND SEITAN IN CRUMBLES, GROUND",Brittany Records,seitan,175.0,29.8,0.88,10.5,
"ITALIAN SEITAN IN CRUMBLES, ITALIAN",Quisling Media,seitan,175.0,29.8,0.88,12.3,
MEATLESS VEGAN JERKY SEITAN,Primal Spirit Inc.,seitan,354.0,39.3,10.7,25.0,
SEITAN WHEAT PROTEIN CUBED,"Wegmans Food Markets, Inc. ",seitan,106.0,21.2,0.0,4.71,
"TRADITIONAL SEITAN GROUND, TRADITIONAL",Sweet Earth Natural Foods,seitan,158.0,26.3,3.51,7.02,
"Beans, Dry, Black (0% moisture)",Generic,black beans canned,,24.4,1.45,,
"Beans, great northern, canned, sodium added, drained and rinsed",Generic,black beans canned,114.0,7.03,1.27,19.3,
"Beans, snap, green, canned, regular pack, drained solids",Generic,black beans canned,86.0,1.04,0.39,4.11,
"Chickpeas (garbanzo beans, bengal gram), canned, sodium added, drained and rinsed",Generic,black beans canned,133.0,7.02,3.1,20.3,
"Beans, kidney, dark red, canned, sodium added, sugar added, drained and rinsed",Generic,black beans canned,123.0,7.8,1.26,21.0,
"Beans, kidney, light red, canned, sodium added, sugar added, drained and rinsed",Generic,black beans canned,124.0,7.31,1.3,21.4,
KIDNEY BEANS,Collaborative Advantage Marketing Ltd.,kidney beans,100.0,7.69,0.38,12.3,
"Beans, Dry, Dark Red Kidney (0% moisture)",Generic,kidney beans,,25.9,1.31,,
"Beans, Dry, Light Red Kidney (0% moisture)",Generic,kidney beans,,25.0,1.03,,
CHICKPEAS,"Lowe's Food Stores, Inc.",chickpeas,128.0,8.0,1.6,20.8,
"Chickpeas, (garbanzo beans, bengal gram), dry",Generic,chickpeas,372.0,21.3,6.27,60.4,
"CHICKPEA BUTTER, CHICKPEA",little chickpea,chickpeas,562.0,12.5,37.5,43.8,
"CHICKPEA CHIPS, CHICKPEA","Whole Foods Market, Inc.",chickpeas,536.0,7.14,28.6,64.3,
"CHICKPEA CRACKERS, CHICKPEA",R. W. Garcia Company,chickpeas,464.0,7.14,25.0,57.1,
"CHICKPEA FUSILLI, CHICKPEA","Wegmans Food Markets, Inc. ",chickpeas,188.0,10.6,4.38,26.2,
"CHICKPEA ORZO, CHICKPEA",Barilla G & R F.Lli S.P.A.,chickpeas,339.0,21.4,6.25,60.7,
"CHICKPEA PENNE, CHICKPEA","Wegmans Food Markets, Inc.",chickpeas,345.0,10.9,5.45,50.9,
"CHICKPEA ROTINI, CHICKPEA",Barilla G & R F.Lli S.P.A.,chickpeas,339.0,19.6,6.25,60.7,
"Lentils, dry",Generic,lentils red,351.0,23.6,1.92,62.2,
"RED LENTIL SPAGHETTI, RED LENTIL",Barilla G & R F.Lli S.P.A.,lentils red,321.0,23.2,2.68,60.7,
"RED LENTILS, RED","Supervalu, Inc.",lentils red,286.0,25.7,2.86,60.0,
RED LENTILS,"Whole Foods Market, Inc.",lentils red,360.0,26.0,1.0,60.0,
"ORGANIC RED LENTIL RISONI, RED LENTIL",Ethical Foods SA,lentils red,339.0,23.2,1.79,60.7,
"RED LENTIL EGYPTIAN SOUP, RED LENTIL","New Seasons Market, LLC",lentils red,71.0,4.44,1.11,12.4,
"RED LENTIL MINT CHILI, RED LENTIL MINT","Food Markets Northwest, Inc.",lentils red,66.0,3.07,1.75,9.65,
"SPICY RED LENTIL HUMMUS, SPICY RED LENTIL","Wegmans Food Markets, Inc. ",lentils red,367.0,13.3,16.7,40.0,
"GREEN LENTILS, GREEN","Rouse's Enterprises, Inc.",lentils green,353.0,25.5,0.98,62.8,
GREEN LENTILS,Soofer Co. Inc.,lentils green,219.0,21.9,0.0,59.4,
"GREEN LENTIL & CARROT SOUP, GREEN LENTIL & CARROT",Christopher Bean Coffee,lentils green,36.0,1.04,0.83,5.83,
"GREEN ORGANIC LENTILS, GREEN","Giant Eagle, Inc.",lentils green,343.0,25.7,0.0,62.9,
"Asparagus, green, raw",Generic,lentils green,23.5,1.44,0.216,5.1,
"Beet greens, raw",Generic,lentils green,26.4,1.61,0.144,4.66,
"Cabbage, green, raw",Generic,lentils green,27.9,0.961,0.228,6.38,
"Kiwifruit, green, raw",Generic,lentils green,241.0,1.06,0.44,14.0,
"Green onion, (scallion), bulb and greens, root removed, raw",Generic,lentils green,,0.669,,,
EDAMAME,"Wal-Mart Stores, Inc.",edamame,106.0,11.8,4.71,7.06,
"EDAMAME HUMMUS, EDAMAME","Wegmans Food Markets, Inc. ",edamame,200.0,6.67,16.7,10.0,
"EDAMAME SALAD, EDAMAME","Amir Foods, Inc.",edamame,143.0,7.14,7.14,17.9,
VEGGIE BURGER,"Snap Kitchen Investments, LLC",veggie burger,198.0,4.35,11.6,21.3,
VEGGIE BURGERS,Goodman Food Products Inc.,veggie burger,176.0,3.53,9.41,21.2,
ASIAN VEGGIE BURGERS,"Dr. Praeger's Sensible Foods, Inc.",veggie burger,197.0,11.3,8.45,18.3,
CALIFORNIA VEGGIE BURGERS,"Dr. Praeger's Sensible Foods, Inc.",veggie burger,141.0,2.56,6.41,18.0,
GARDEN VEGGIE BURGER,Kohl Corporation,veggie burger,211.0,8.45,8.45,25.4,
QUINOA VEGGIE BURGER,Nash Finch Company,veggie burger,129.0,10.6,4.71,12.9,
SONOMA VEGGIE BURGER,Amy's Kitchen Inc.,veggie burger,197.0,7.04,7.04,25.4,
"TOFURKY, VEGGIE BURGER","Turtle Island Foods, Inc.",veggie burger,185.0,7.07,4.95,22.2,
"VEGGIE BURGER, CHEESEBURGER",Kraft Heinz Foods Company,veggie burger,169.0,22.5,4.93,8.45,
"Broccoli, raw",Generic,broccoli fresh,31.0,2.57,0.34,3.8,
"Corn, sweet, yellow and white kernels,  fresh, raw",Generic,broccoli fresh,72.9,2.79,1.63,14.7,
FRESH BROCCOLI FLORETTES,Growers Express LLC,broccoli fresh,29.0,3.53,0.0,4.71,
"PASTA SAUCE WITH FRESH BROCCOLI RAAB, FRESH BROCCOLI RAAB",Agritalia S.R.L.,broccoli fresh,272.0,2.4,28.0,1.6,
"BROCCOLI & CARROTS FRESH VEGETABLES, BROCCOLI & CARROTS","Taylor Fresh Foods, Inc.",broccoli fresh,35.0,2.35,0.0,5.88,
"FRESH HOMESTYLE CREAM OF BROCCOLI SOUP, BROCCOLI",Flaums Appetizing Corp.,broccoli fresh,62.0,2.64,2.2,9.25,
FARM FRESH BROCCOLI RABE,"Seabrook Foods, Inc.",broccoli fresh,29.0,2.35,0.0,4.71,
FRESH BROCCOLI & CAULIFLOWER MEDLEY,Growers Express LLC,broccoli fresh,29.0,2.35,0.0,4.71,
FRESH FROZEN BROCCOLI CUTS,Defense Commissary Agency,broccoli fresh,28.0,1.11,0.0,4.44,
FRESH FROZEN BROCCOLI FLORETS,Defense Commissary Agency,broccoli fresh,29.0,1.18,0.0,4.71,
FRESH FROZEN CHOPPED BROCCOLI,Food Town Stores Inc.,broccoli fresh,35.0,1.18,0.0,4.71,
FRESH STEAM BROCCOLI FLORETS,"Hy-Vee, Inc.",broccoli fresh,29.0,2.35,0.0,4.71,
"BROCCOLI WITH ALMOND FRESH & SAVORY SOUP, BROCCOLI WITH ALMOND",Souperb,broccoli fresh,35.0,0.88,2.2,3.08,
"FRESH BROCCOLI CHEDDAR SOUP, CHEDDAR","Schnuck Markets, Inc.",broccoli fresh,82.0,3.27,5.31,5.71,
"Cauliflower, raw",Generic,cauliflower fresh,22.9,1.64,0.238,4.72,
FRESH CAULIFLOWER FLORETS,Growers Express LLC,cauliflower fresh,24.0,2.35,0.0,4.71,
FRESH MAKES COLOURFUL CAULIFLOWER,Dole Fresh Vegetables Inc.,cauliflower fresh,47.0,2.35,2.94,4.71,
"CURRY CAULIFLOWER FRESH & SAVORY SOUP, CURRY CAULIFLOWER",Souperb,cauliflower fresh,26.0,0.44,0.88,3.08,
CAULIFLOWER FLORETS FRESH FROZEN VEGETABLES,"Giant Eagle, Inc.",cauliflower fresh,29.0,1.18,0.0,4.71,
"CAULIFLOWER FRIED RICE FRESH VEGETABLE SIDE DISH KIT, CAULIFLOWER FRIED RICE","Curation Foods, Inc.",cauliflower fresh,53.0,2.63,2.63,6.14,
"FRESH FROZEN CALIFORNIA BLEND BROCCOLI, CARROTS & CAULIFLOWER",Defense Commissary Agency,cauliflower fresh,32.0,1.05,0.0,6.32,
"GLUTEN + GRAIN-FREE FRESH PASTA, CAULIFLOWER LINGUINI","Tribe 9 Foods, LLC",cauliflower fresh,271.0,11.8,2.94,52.9,
"VALLEY FRESH BROCCOLI, CARROTS, CAULIFLOWER & CHEESE SAUCE","General Mills, Inc.",cauliflower fresh,41.0,1.83,0.92,7.34,
"CAULIFLOWER BURGERS, CAULIFLOWER","Ittella International, Inc.",cauliflower fresh,183.0,5.63,8.45,16.9,
"CAULIFLOWER CRUST, CAULIFLOWER","Whole Foods Market, Inc.",cauliflower fresh,196.0,10.7,7.14,25.0,
"Spinach, baby",Generic,spinach fresh,20.7,2.85,0.619,1.56,
"Spinach, mature",Generic,spinach fresh,21.6,2.91,0.604,2.64,
FRESH SPINACH,"Newstar Fresh Foods, LLC",spinach fresh,24.0,2.35,0.0,3.53,
"FRESH EXPRESS, FRESH SPINACH",Fresh Express Incorporated,spinach fresh,24.0,2.35,0.0,3.53,
FRESH & TENDER SPINACH,"Publix Super Markets, Inc.",spinach fresh,24.0,2.35,0.0,3.53,
FRESH SPINACH DIP,"Fresh Select, Inc.",spinach fresh,250.0,3.57,25.0,7.14,
FRESH SPINACH LEAVES,At Your Service Catering,spinach fresh,24.0,2.35,0.0,3.53,
BABY SPINACH FRESH GREENS,Hannaford Bros. Co.,spinach fresh,24.0,2.35,0.0,3.53,
FARM FRESH CREAMED SPINACH,"Seabrook Foods, Inc.",spinach fresh,73.0,3.64,3.64,7.27,
"Kale, raw",Generic,kale fresh,35.0,2.92,1.49,4.42,
BABY KALE FRESH GREENS,Hannaford Bros. Co.,kale fresh,47.0,4.71,1.18,8.24,
FALAFEL FRESH KALE BALLS,Falafel King Ent.,kale fresh,161.0,7.14,3.57,25.0,
FARM FRESH CHOPPED KALE,"Finlay Extracts & Ingredients USA, Inc.",kale fresh,35.0,2.35,0.0,4.71,
"FRESH CREATIONS, SPINACH KALE DIP","Lakeview Farms, LLC",kale fresh,250.0,5.0,22.5,5.0,
FRESH FROZEN VEGETABLES CHOPPED KALE,"Key Food Stores Co-Operative, Inc.",kale fresh,29.0,2.35,0.0,3.53,
FRESH KALE & SUN-DRIED TOMATO HUMMUS,Falafel King Ent.,kale fresh,179.0,7.14,10.7,14.3,
"FRESH SOUPER SOUP, SPINACH & KALE WITH GARLIC",CannaBaked LLC,kale fresh,48.0,1.76,3.52,5.29,
POWER GREENS FRESH LEAFY KALE GREENS,"Taylor Fresh Foods, Inc.",kale fresh,59.0,4.71,1.18,8.24,
"ROBINSON FRESH KALE GREENS, 16 OZ",C.H. Robinson Company,kale fresh,47.0,4.71,1.18,9.41,
"ROBINSON FRESH KALE GREENS, 32 OZ",C.H. Robinson Company,kale fresh,47.0,4.71,1.18,9.41,
FRESH DELI KALE SALAD WITH LEMON CITRUS VINAIGRETTE,Russ Davis Wholesale,kale fresh,118.0,2.75,3.14,22.0,
"KALE CRACKERS, KALE",R. W. Garcia Company,kale fresh,500.0,7.14,25.0,60.7,
"Lettuce, iceberg, raw",Generic,lettuce iceberg,14.5,0.742,0.0738,3.37,
"ICEBERG SHREDDED LETTUCE, ICEBERG","Safeway, Inc.",lettuce iceberg,18.0,1.18,0.0,3.53,
ICEBERG LETTUCE SHREDS,True Leaf Farms,lettuce iceberg,12.0,1.18,0.0,3.53,
ICEBERG SHREDDED LETTUCE,Smart & Final Iris Corporation,lettuce iceberg,12.0,1.18,0.0,3.53,
SHREDDED ICEBERG LETTUCE,"Hy-Vee, Inc.",lettuce iceberg,12.0,1.18,0.0,2.35,
ROMAINE LETTUCE,OCEAN MIST FARMS,romaine lettuce,18.0,1.18,0.0,3.53,
"Lettuce, cos or romaine, raw",Generic,romaine lettuce,70.0,1.24,0.26,3.0,
"Lettuce, romaine, green, raw",Generic,romaine lettuce,17.5,0.977,0.0712,4.06,
"ROMAINE SHREDDED LETTUCE, ROMAINE",Target Stores,romaine lettuce,24.0,1.18,0.0,3.53,
"CAESAR ROMAINE LETTUCE, CAESAR ROMAINE",Smart & Final Iris Corporation,romaine lettuce,18.0,1.18,0.0,3.53,
CHOPPED ROMAINE LETTUCE,Dole Fresh Vegetables Inc.,romaine lettuce,18.0,1.18,0.0,3.53,
HEARTS OF ROMAINE LETTUCE,Raley's,romaine lettuce,0.0,,0.0,,
ROMAINE HEARTS LETTUCE,"Hy-Vee, Inc.",romaine lettuce,18.0,1.18,0.0,3.53,
SHREDDED ROMAINE LETTUCE,The Kroger Co.,romaine lettuce,18.0,1.18,0.0,3.53,
TENDER ROMAINE LETTUCE,"Taylor Fresh Foods, Inc.",romaine lettuce,18.0,1.18,0.0,3.53,
ARUGULA,Wakefern Food Corporation,arugula,32.0,2.82,0.7,3.52,
"Arugula, baby, raw",Generic,arugula,25.9,1.65,0.325,5.37,
"ARUGULA WOOD FIRED PIZZA, ARUGULA","Rouse's Enterprises, Inc.",arugula,224.0,12.2,7.48,26.5,
"SPINACH ARUGULA BLEND BABY SPINACH AND ARUGULA, SPINACH ARUGULA BLEND","Ready Pac Produce, Inc.",arugula,24.0,2.35,1.18,3.53,
ARUGULA PESTO,Sid Wainer & Son Specialty Produce,arugula,429.0,3.57,42.9,7.14,
ARUGULA PIZZA,"Hy-Vee, Inc.",arugula,221.0,11.0,8.28,24.8,
BABY ARUGULA,"Wegmans Food Markets, Inc. ",arugula,24.0,2.35,0.59,3.53,
"Cabbage, red, raw",Generic,cabbage,29.9,1.24,0.214,6.79,
"Cabbage, bok choy, raw",Generic,cabbage,17.0,1.02,0.234,3.51,
"Cabbage, napa, leaf, destemmed, raw",Generic,cabbage,,1.06,,,
"CABBAGE SOUP, CABBAGE",Tabatchnick Fine Foods Inc.,cabbage,42.0,0.94,0.23,9.86,
"GREEN CABBAGE, CARROTS & RED CABBAGE COLESLAW, GREEN CABBAGE, CARROTS & RED CABBAGE",Smart & Final Iris Corporation,cabbage,24.0,1.18,0.0,5.88,
"CABBAGE & CHICKEN DUMPLINGS, CABBAGE & CHICKEN","Urban Asian Produce, LLC ",cabbage,144.0,7.2,1.2,25.6,
"CABBAGE KETTLE FRESH SOUP, CABBAGE",Deluxe Foods International Inc.,cabbage,31.0,0.88,1.32,4.41,
"CHICKEN & CABBAGE DUMPLINGS, CHICKEN & CABBAGE",Barash Cosmetics LLC.,cabbage,138.0,8.51,1.6,21.3,
"RED CABBAGE SAUERKRAUT, RED CABBAGE",Glaser Farms,cabbage,44.0,2.82,0.0,8.45,
CABBAGE PIEROGI,Kasia's Deli Inc.,cabbage,137.0,4.04,4.04,22.2,
GREEN CABBAGE,"Wegmans Food Markets, Inc. ",cabbage,24.0,1.18,0.0,5.88,
NAPA CABBAGE,MILKimchi Inc,cabbage,36.0,3.57,0.0,7.14,
CELERY,OCEAN MIST FARMS,celery,14.0,0.0,0.0,3.64,
"Celery, raw",Generic,celery,14.8,0.492,0.162,3.32,
"CELERY JUICE, CELERY",State Garden Inc.,celery,17.0,0.68,0.17,3.04,
"CELERY SALAD, CELERY",Thomas Brothers Ham Company,celery,37.0,1.6,0.0,11.7,
"CELERY SALT, CELERY","Wal-Mart Stores, Inc.",celery,0.0,0.0,0.0,0.0,
"Cucumber, with peel, raw",Generic,cucumber,13.9,0.625,0.178,2.95,
"Pickles, cucumber, dill or kosher dill",Generic,cucumber,12.0,0.48,0.43,1.99,
"CUCUMBER HUMMUS, CUCUMBER",Rafael Padilla & Cia S. En C.,cucumber,179.0,7.14,10.7,14.3,
"CUCUMBER LEMONADE, CUCUMBER","Mayer Brothers Apple Products, Inc.",cucumber,39.0,0.0,0.0,9.72,
"CUCUMBER LIMEADE, CUCUMBER",King Juice Co.Of Wis.Inc.,cucumber,42.0,0.0,0.0,10.2,
"CUCUMBER SALAD, CUCUMBER",Belweder Corp.,cucumber,19.0,1.0,0.0,5.0,
"CUCUMBER SODA, CUCUMBER",Three Fold Company,cucumber,4.0,0.0,0.0,0.85,
"CUCUMBERS IN BRINE, CUCUMBERS","Johnny V's Kitchen, Inc.",cucumber,11.0,0.0,0.0,0.0,
"SODA, CUCUMBER, CUCUMBER",Dry Soda Co. ,cucumber,13.0,0.0,0.0,3.1,
"(PICKLED CUCUMBER) PICKLED CUCUMBER, (PICKLED CUCUMBER)",Akiyama Tsukemono California,cucumber,18.0,0.0,0.0,3.57,
CUCUMBERS,C.H. Robinson Company,cucumber,15.0,0.84,0.0,3.8,
"CUCUMBER BENEDICTINE SPREAD, CUCUMBER","Halls Beer Cheese, LLC",cucumber,393.0,3.57,35.7,3.57,
"CUCUMBER INFUSED VINEGAR, CUCUMBER",The Kroger Co.,cucumber,67.0,0.0,0.0,13.3,
"Peppers, bell, red, raw",Generic,bell pepper red,27.0,0.896,0.126,6.65,
"Peppers, bell, green, raw",Generic,bell pepper red,19.7,0.715,0.106,4.78,
"Peppers, bell, orange, raw",Generic,bell pepper red,27.4,0.882,0.156,6.7,
"Peppers, bell, yellow, raw",Generic,bell pepper red,26.6,0.819,0.121,6.6,
"RED BELL PEPPER VEGGIE CHIPS, RED BELL PEPPER","Brad's Raw Chips, LLC",bell pepper red,321.0,10.7,14.3,39.3,
"BIRCHBERRY BISTRO, HUMMUS, RED BELL PEPPER, RED BELL PEPPER","Associated Food Stores, Inc. ",bell pepper red,,,,,
"CREAMY RED BELL PEPPER SAUCE, CREAMY RED BELL PEPPER",Valley Fine Foods Company,bell pepper red,115.0,1.64,9.84,8.2,
"RED BELL PEPPER & BASIL COUSCOUS, RED BELL PEPPER & BASIL",Target Stores,bell pepper red,208.0,5.83,5.0,34.2,
"ROASTED RED BELL PEPPER HUMMUS, ROASTED RED BELL PEPPER",Roots Organic Gourmet ,bell pepper red,167.0,6.67,5.0,20.0,
"FIORI, RED BELL PEPPER",Harmons Inc,bell pepper red,351.0,12.3,1.75,71.9,
RED BELL PEPPER CAMPANELLE,Harmons Inc,bell pepper red,351.0,12.3,1.75,71.9,
RED BELL PEPPER HUMMUS,MBZ FOODS LLC,bell pepper red,214.0,10.7,8.93,25.0,
TOMATO RED BELL PEPPER,Knudsen & Sons Inc,bell pepper red,19.0,0.83,0.0,4.17,
"RED BELL PEPPER MARINARA PASTA SAUCE, RED BELL PEPPER MARINARA","Whole Foods Market, Inc.",bell pepper red,31.0,0.88,0.0,7.08,
"GARLIC PEPPER COARSE GRIND WITH RED BELL & BLACK PEPPER, RED BELL & BLACK PEPPER","McCormick & Company, Inc.",bell pepper red,0.0,0.0,0.0,0.0,
GREEN BELL PEPPERS,C.H. Robinson Company,bell pepper green,17.0,0.0,0.0,4.05,
"GREEN DICED BELL PEPPERS, GREEN","Meijer, Inc.",bell pepper green,18.0,1.18,0.0,4.71,
BELL PEPPER GREEN DICE,"TH Kitchens, LP",bell pepper green,21.0,0.59,0.0,4.71,
"TOMATOES DICED WITH GREEN BELL PEPPER & ONION, GREEN BELL PEPPER & ONION",Del Monte Foods Inc.,bell pepper green,36.0,0.79,0.0,7.94,
"MEDITERRA, SAVORY BAR, BELL PEPPERS & GREEN OLIVES, BELL PEPPERS & GREEN OLIVES",The Shepherd Company,bell pepper green,400.0,14.3,22.9,45.7,
"ONIONS, CELERY, GREEN BELL PEPPERS, RED BELL PEPPERS & PARSLEY SEASONING BLEND, ONIONS, CELERY, GREEN BELL PEPPERS, RED BELL PEPPERS & PARSLEY","Hy-Vee, Inc.",bell pepper green,33.0,1.33,0.0,6.67,
"3 PEPPER & ONION GREEN BELL PEPPERS, RED BELL PEPPERS, YELLOW BELL PEPPERS BLEND, 3 PEPPER & ONION",Harris-Teeter Inc.,bell pepper green,30.0,1.19,0.0,5.95,
"KROGER, CHOPPED GREEN BELL PEPPERS",The Kroger Co.,bell pepper green,30.0,1.2,0.0,4.82,
"ROASTED FIRECRACKER CORN READY TO SERVE WITH RED & GREEN BELL PEPPERS, RED & GREEN BELL PEPPERS","Associated Wholesale Grocers, Inc.",bell pepper green,64.0,1.82,0.91,11.8,
"RED, GREEN & YELLOW BELL THREE PEPPER BLEND, RED, GREEN & YELLOW BELL","Supervalu, Inc.",bell pepper green,18.0,0.0,0.0,4.76,
"MILD HEAT GREEN BELL PREMIUM PEPPER JELLY, MILD HEAT GREEN BELL",Lunds Inc,bell pepper green,316.0,0.0,0.0,73.7,
ZUCCHINI,"KMB, LLC",zucchini,21.0,1.05,0.0,4.21,
"Squash, summer, green, zucchini, includes skin, raw",Generic,zucchini,16.0,0.984,0.205,3.27,
"ZUCCHINI BAKE, ZUCCHINI",Classic Cooking Inc.,zucchini,76.0,4.55,1.26,12.6,
"ZUCCHINI BREAD, ZUCCHINI",Bakehouse Bread Company,zucchini,380.0,6.0,18.0,50.0,
"ZUCCHINI LOAF, ZUCCHINI","Wegmans Food Markets, Inc. ",zucchini,298.0,5.26,14.0,36.8,
"ZUCCHINI NOODLES, ZUCCHINI",Bix Produce Company LLC,zucchini,18.0,1.18,0.0,3.53,
"ZUCCHINI PANCAKES, ZUCCHINI","Old Fashioned Kitchen, Inc.",zucchini,160.0,2.67,8.0,18.7,
"ZUCCHINI SPIRALS, ZUCCHINI",Energy Sprouts Inc.,zucchini,20.0,1.32,0.0,3.95,
"ZUCCHINI SQUASH, ZUCCHINI",BJ's Wholesale Club / Corporate Brands,zucchini,20.0,1.02,0.0,4.08,
"ZUCCHINI GRILLED VEGGIES, ZUCCHINI","B&G Foods North America, Inc. ",zucchini,44.0,3.33,0.56,7.78,
"ZUCCHINI ORGANIC NOODLED, ZUCCHINI","Veggie Noodle Co, LLC",zucchini,12.0,1.18,0.0,3.53,
"ZUCCHINI SPIRAL NOODLES, ZUCCHINI",Harris-Teeter Inc.,zucchini,18.0,1.18,0.0,3.53,
"Eggplant, raw",Generic,eggplant,22.4,0.852,0.12,5.4,
"EGGPLANT BABAGANUSH, EGGPLANT",Best Food Of Monsey Inc.,eggplant,321.0,0.0,32.1,7.14,
"EGGPLANT CAVIAR, EGGPLANT",Apollo Import Export,eggplant,118.0,2.14,8.93,6.43,
"EGGPLANT DIP, EGGPLANT","Golden Star Wholesale, Inc.",eggplant,244.0,13.3,7.78,35.6,
"EGGPLANT PARMESAN, EGGPLANT",Wakefern Food Corporation,eggplant,108.0,3.85,5.77,11.2,
"EGGPLANT PARMIGIANA, EGGPLANT",Stino Da Napoli,eggplant,94.0,5.77,5.25,6.82,
"EGGPLANT RAVIOLI, EGGPLANT","Whole Foods Market, Inc.",eggplant,202.0,9.65,3.95,28.1,
"EGGPLANT SPREAD, EGGPLANT",Apollo Import Export,eggplant,118.0,2.14,8.93,6.43,
 EGGPLANT,"Ahold USA, Inc. ",eggplant,24.0,0.0,0.0,5.95,
EGGPLANTS,C.H. Robinson Company,eggplant,29.0,1.18,0.0,5.88,
"EGGPLANT GRILLED VEGGIES, EGGPLANT","B&G Foods North America, Inc. ",eggplant,51.0,2.02,0.0,11.1,
"EGGPLANT BREADED CUTLETS, EGGPLANT","Wegmans Food Markets, Inc. ",eggplant,197.0,4.23,9.15,26.8,
"EGGPLANT FRIED RATATOUILLE, EGGPLANT","Marketing, Administration and Manufacturing, Inc.",eggplant,100.0,0.91,6.36,8.18,
CARROTS,"Delhaize America, Inc.",carrots,38.0,1.28,0.0,8.97,
"Onions, yellow, raw",Generic,onion yellow,160.0,0.83,0.05,8.61,
"Mustard, prepared, yellow",Generic,onion yellow,61.0,4.25,3.38,6.39,
"Peaches, yellow, raw",Generic,onion yellow,174.0,0.91,0.27,9.87,
"YELLOW ONIONS, YELLOW",Wakefern Food Corporation,onion yellow,41.0,0.68,0.0,10.8,
"Onions, red, raw",Generic,onion yellow,186.0,0.94,0.1,9.93,
"Onions, white, raw",Generic,onion yellow,148.0,0.89,0.13,7.68,
YELLOW ONION,"Ahold USA, Inc.",onion yellow,30.0,0.68,0.0,7.43,
YELLOW ONIONS,"Ahold Usa, Inc.",onion yellow,30.0,0.68,0.0,7.43,
"Flour, corn, yellow, fine meal, enriched",Generic,onion yellow,1520.0,6.2,1.74,80.8,
"Squash, summer, yellow, includes skin, raw",Generic,onion yellow,19.0,0.891,0.135,4.39,
"YELLOW DICED ONION, YELLOW",Russ Davis Wholesale,onion yellow,41.0,1.18,0.0,9.41,
"Radishes, red, raw",Generic,onion red,19.6,0.656,0.0831,4.06,
"Grapes, red, seedless, raw",Generic,onion red,77.2,0.914,0.164,20.2,
"Lettuce, leaf, red, raw",Generic,onion red,14.7,0.883,0.106,3.26,
"Apples, red delicious, with skin, raw",Generic,onion red,55.6,0.188,0.212,14.3,
"Beans, Dry, Red (0% moisture)",Generic,onion red,,21.3,1.16,,
"Cherries, sweet, dark red, raw",Generic,onion red,63.3,1.04,0.192,16.2,
"Potatoes, red, without skin, raw",Generic,onion red,73.4,2.06,0.248,16.3,
"RED ONION CONFITURE, RED ONION",Forever Cheese,onion red,175.0,0.0,0.0,40.0,
GARLIC,"Spice World, Inc.",garlic,167.0,0.0,0.0,33.3,
"Garlic, raw",Generic,garlic,597.0,6.62,0.38,28.2,
"GARLIC ADDICTION WITH GARLIC HUMMUS, GARLIC",Sonny & Joe's,garlic,250.0,7.14,17.9,17.9,
"GARLIC BREAD WITH REAL GARLIC, GARLIC","Associated Wholesale Grocers, Inc.",garlic,351.0,8.77,14.0,45.6,
"GARLIC HERB COD, GARLIC, GARLIC",Pinnacle Foods Group LLC,garlic,184.0,12.8,7.09,18.4,
"TRIBE, GARLIC HUMMUS, GARLIC, GARLIC","Tribe Mediterranean Foods, Inc.",garlic,214.0,3.57,14.3,17.9,
"CROSTINI WITH GARLIC, GARLIC",Ithaca Technologies,garlic,433.0,10.0,13.3,66.7,
"FLATBREADS, GARLIC, GARLIC","B&G Foods North America, Inc. ",garlic,438.0,12.5,9.38,75.0,
"GARLIC AIOLI, GARLIC",Kraft Heinz Foods Company,garlic,643.0,0.0,64.3,7.14,
"GARLIC BAGELS, GARLIC",Milton G. Waldbaum Company,garlic,235.0,8.64,0.62,46.9,
"GARLIC BAGUETTE, GARLIC","Safeway, Inc.",garlic,228.0,8.77,1.75,43.9,
"GARLIC BOLOGNA, GARLIC",Kowalski Sausage Co. Inc.,garlic,143.0,16.1,7.14,0.0,
GINGER,"Sugar 'N Spice, Inc.",ginger,0.0,0.0,0.0,0.0,
"SEAGRAM'S, GINGER ALE, GINGER, GINGER",Coca-Cola Bottling Co. Of Ny,ginger,28.0,0.0,0.0,7.22,
"GINGER ELIXIR, GINGER",Annie's Ginger Elixir,ginger,44.0,0.0,0.0,12.5,
"GINGER ALE, GINGER","7-Eleven, Inc.",ginger,37.0,0.0,0.0,9.64,
"Potatoes, russet, without skin, raw",Generic,potato russet,81.0,2.27,0.36,17.8,
"RUSSET POTATOES, RUSSET","Associated Wholesale Grocers, Inc.",potato russet,74.0,2.03,0.0,17.6,
SWEET POTATO,FRESH & EASY,sweet potato,106.0,5.45,1.28,16.4,
"Sweet potatoes, orange flesh, without skin, raw",Generic,sweet potato,77.4,1.58,0.375,17.3,
"Flour, potato",Generic,sweet potato,353.0,8.11,0.951,79.9,
"Potatoes, gold, without skin, raw",Generic,sweet potato,71.6,1.81,0.264,16.0,
"Peas, green, sweet, canned, sodium added, sugar added, drained and rinsed",Generic,sweet potato,77.8,4.73,1.15,12.7,
"SWEET POTATO GNOCCHI, SWEET POTATO","Hy-Vee, Inc.",sweet potato,103.0,2.21,0.37,25.0,
"FRESH SWEET POTATOES, SWEET POTATOES","Fresh Solution Farms, LLC",sweet potato,85.0,1.54,0.0,20.0,
"SWEET POTATO BUN, SWEET POTATO","Majestic Pet Products, Inc.",sweet potato,309.0,,0.0,53.1,
"SWEET POTATO BUTTER, SWEET POTATO","Aft Galley Holdings, LLC",sweet potato,222.0,0.0,0.0,,
"Avocado, Hass, peeled, raw",Generic,avocado,206.0,1.81,20.3,8.32,
"AVOCADO CHUNKS, AVOCADO","Whole Foods Market, Inc.",avocado,167.0,3.33,15.0,10.0,
"AVOCADO CREMA, AVOCADO","Reser's Fine Foods, Inc.",avocado,133.0,0.0,11.7,6.67,
"AVOCADO DIP, AVOCADO",Herdez S.A.,avocado,179.0,0.0,16.1,10.7,
"AVOCADO DRESSING, AVOCADO",The Hvr Company,avocado,300.0,0.0,30.0,6.67,
"AVOCADO HOMMUS, AVOCADO","Cedar's Mediterranean Foods, Inc.",avocado,250.0,7.14,17.9,14.3,
"AVOCADO HUMMUS, AVOCADO",Wakefern Food Corporation,avocado,250.0,7.14,17.9,14.3,
"AVOCADO OIL, AVOCADO","Chosen Foods, LLC ",avocado,929.0,0.0,100.0,0.0,
"AVOCADO ROLL, AVOCADO",Gavin & Bailey Consulting Firm LLC,avocado,155.0,3.45,4.6,26.4,
"AVOCADO SALSA, AVOCADO",Frito-Lay Company,avocado,155.0,3.45,13.8,3.45,
TOMATO,Ascyrus Medical LLC,tomato,,,,,
"Tomato, roma",Generic,tomato,19.0,0.696,0.425,3.84,
"Tomatoes, grape, raw",Generic,tomato,113.0,0.83,0.63,5.51,
"Tomato juice, with added ingredients, from concentrate, shelf stable",Generic,tomato,19.9,0.859,0.288,4.32,
"TOMATO SAUCE TOMATOES, TOMATO","Conagra Brands, Inc.",tomato,32.0,1.61,0.0,6.45,
"WHOLE TOMATOES IN TOMATO JUICE, TOMATO","Wal-Mart Stores, Inc.",tomato,21.0,0.83,0.0,4.13,
"TOMATO BASIL, TOMATO",The Jersey Tomato Co,tomato,32.0,1.6,0.8,6.4,
"DICED TOMATOES, TOMATOES",Fiesta Mart Inc.,tomato,21.0,0.83,0.0,4.13,
"Oil, corn",Generic,corn,,,,,
"Corn flour, masa harina, white or yellow, dry, raw",Generic,corn,366.0,7.56,4.34,76.7,
"CORN BREAD, CORN","Fernando's Bakery, Inc.",corn,322.0,5.04,16.1,49.4,
"CORN CANDY, CORN","Big Y Foods, Inc.",corn,367.0,0.0,0.0,90.0,
"Carrots, frozen, unprepared",Generic,frozen broccoli,153.0,0.81,0.47,7.79,
"Squid (calamari), frozen, tubes only",Generic,frozen broccoli,43.9,8.81,0.551,0.932,
"Lobster, tail only, frozen, wild caught",Generic,frozen broccoli,58.8,13.0,0.367,0.886,
"Scallops, bay, Patagonian, frozen, wild caught",Generic,frozen broccoli,78.5,16.4,0.419,2.28,
"Blackeye pea, dry",Generic,frozen peas,346.0,21.2,2.42,61.8,
FROZEN MIXED VEGETABLES,FARIDA,frozen mixed vegetables,75.0,3.75,0.0,15.0,
FROZEN VEGETABLE MIX,"Family Food Distributors, Inc.",frozen mixed vegetables,0.0,0.47,0.06,11.8,
FRESH FROZEN MIXED VEGETABLES,Defense Commissary Agency,frozen mixed vegetables,56.0,2.22,0.0,12.2,
"Apples, gala, with skin, raw",Generic,apple gala,54.9,0.133,0.15,13.9,
"GALA APPLES, GALA","Meijer, Inc.",apple gala,52.0,0.32,0.0,14.3,
"GALA APPLE JUICE, GALA APPLE",Harris-Teeter Inc.,apple gala,50.0,0.0,0.0,12.5,
"GALA APPLE CIDER, GALA","Bevovations, LLC",apple gala,42.0,0.0,0.0,10.8,
"GALA APPLE SAUCE, GALA",Manzana Products Co Inc,apple gala,64.0,0.0,0.0,15.7,
"GALA ORGANIC APPLES, GALA","Meijer, Inc.",apple gala,52.0,0.32,0.0,14.3,
"GALA APPLE JUICE, GALA",Manzana Products Co Inc,apple gala,46.0,0.0,0.0,11.7,
GALA APPLES,Nash Finch Company,apple gala,52.0,0.32,0.0,14.3,
"Apples, fuji, with skin, raw",Generic,apple fuji,58.2,0.148,0.162,15.4,
"FUJI APPLES, FUJI","Meijer, Inc.",apple fuji,52.0,0.32,0.0,14.3,
"FUJI ORGANIC APPLES, FUJI","Meijer, Inc.",apple fuji,52.0,0.32,0.0,14.3,
"FUJI APPLE SLICES, FUJI",,apple fuji,53.0,0.0,0.0,14.0,
FUJI APPLES,Nash Finch Company,apple fuji,52.0,0.32,0.0,14.3,
FUJI APPLE,Brothers International Food Corporation,apple fuji,400.0,0.0,0.0,90.0,
"Apples, granny smith, with skin, raw",Generic,apple granny smith,53.0,0.266,0.138,13.2,
"GRANNY SMITH APPLES, GRANNY SMITH","Meijer, Inc.",apple granny smith,52.0,0.32,0.0,14.3,
"GRANNY SMITH ORGANIC APPLES, GRANNY SMITH","Meijer, Inc.",apple granny smith,52.0,0.32,0.0,14.3,
"GRANNY SMITH APPLE CHIPS, GRANNY SMITH",Seneca Foods Corporation,apple granny smith,536.0,0.0,32.1,64.3,
"MUSSELMAN'S, APPLE, GRANNY SMITH, GRANNY SMITH","Knouse Foods, Inc/musselman Dv",apple granny smith,62.0,0.0,0.0,15.0,
GRANNY SMITH APPLES,"Fruit and Vegetable Warehouse, Inc.",apple granny smith,49.0,0.0,0.0,12.0,
BANANA,Wonder Natural Foods Corp,banana,312.0,12.5,6.25,40.6,
"Bananas, overripe, raw",Generic,banana,357.0,0.73,0.22,18.0,
"Bananas, ripe and slightly ripe, raw",Generic,banana,97.0,0.74,0.29,21.2,
"Peppers, banana or Hungarian wax, seeded, raw",Generic,banana,23.9,0.723,0.131,4.97,
"MARGIE'S, BANANA SYRUP, BANANA, BANANA","Margie's Brands, Inc.",banana,203.0,1.35,0.0,47.3,
"BANANA CHIPS, BANANA",Speedway LLC,banana,500.0,2.5,25.0,65.0,
ORANGE,"Ahold USA, Inc. ",orange,381.0,4.76,0.0,90.5,
"Oranges, raw, navels",Generic,orange,196.0,0.91,0.15,10.6,
"Orange juice, no pulp, not fortified, from concentrate, refrigerated",Generic,orange,45.7,0.734,0.325,10.3,
"Orange juice, no pulp, not fortified, not from concentrate, refrigerated",Generic,orange,45.0,0.812,0.356,10.0,
"TRUE ORANGE, CRYSTALLIZED ORANGE, ORANGE, ORANGE",Grand Brands Inc.,orange,0.0,0.0,0.0,125.0,
"ORANGE PEELS, ORANGE, ORANGE","World Variety Produce, Inc.",orange,300.0,0.0,0.0,80.0,
"ORANGE SODA, ORANGE, ORANGE",The Coca-Cola Company,orange,42.0,0.0,0.0,11.3,
"WOONGJIN, ORANGE JUICE WITH ORANGE PIECES, ORANGE, ORANGE",Picture Yourself!,orange,59.0,0.0,0.0,14.7,
"CHUBBY, ORANGE SODA, ORANGE, ORANGE",S. M. Jaleel & Co. Ltd.,orange,40.0,0.0,0.0,10.0,
"CLASICO, MANDARIN ORANGES, ORANGE, ORANGE","Sampco, Inc.",orange,50.0,0.71,0.0,12.1,
"GALIL, ORANGE MARMALADE, ORANGE, ORANGE",Colonel Lee's Enterprises,orange,263.0,0.0,0.0,68.4,
"HANNAFORD, ORANGE JUICE, ORANGE, ORANGE",Hannaford Bros. Co.,orange,46.0,0.83,0.0,10.8,
"LEMON TARTLETS, LEMON, LEMON",Ouhlala Gourmet Corp,lemon,467.0,6.67,20.0,66.7,
"LEMON + LEMON SIMPLE SPLENDOR MACROBAR, LEMON + LEMON","K & D Image Production, Inc.",lemon,415.0,15.4,13.8,58.5,
"LEMON + LEMON SIMPLE SPLENDOR MACROBARS, LEMON + LEMON","K & D Image Production, Inc.",lemon,415.0,15.4,15.4,56.9,
"LEMON CUPCAKES WITH LEMON FILLING, LEMON",Target Stores,lemon,422.0,3.61,21.7,51.8,
"LEMON PEPPER WITH ZEST OF LEMON, LEMON","McCormick & Company, Inc.",lemon,0.0,0.0,0.0,0.0,
"PAPPY'S, LEMON PEPPER, LEMON, LEMON",Pappy's Fine Foods,lemon,0.0,0.0,0.0,0.0,
"LEMON BAR, LEMON","Small Planet Foods, Inc.",lemon,431.0,9.8,21.6,51.0,
"LEMON BARS, LEMON",The Kroger Co.,lemon,343.0,5.05,12.1,55.6,
"DRAGONFLY, LIME POWDER, LIME, LIME",U. S. Trading Company,lime,174.0,0.51,0.0,35.0,
"LIME COLA, LIME",Pepsi-Cola North America Inc.,lime,42.0,0.0,0.0,11.4,
"LIME CURD, LIME",Harry and David,lime,233.0,6.67,10.0,33.3,
"LIME GELATIN, LIME",The Jel Sert Company,lime,350.0,10.0,0.0,80.0,
"LIME JUICE, LIME",Orchid Island Juice Company,lime,0.0,0.0,0.0,0.0,
"YOGURT PARFAIT WITH FRESH STRAWBERRIES, FRESH STRAWBERRIES","Taylor Fresh Foods, Inc.",strawberry fresh,133.0,3.32,2.49,23.2,
"FRESH STRAWBERRY CRUSHED FRUIT BARS, FRESH STRAWBERRY","Iris Brands, LLC",strawberry fresh,92.0,0.0,0.0,23.0,
"FRESH STRAWBERRY PREMIUM ICE CREAM, FRESH STRAWBERRY","Casper's Ice Cream, Inc.",strawberry fresh,233.0,4.65,9.3,36.0,
FRESH STRAWBERRY PRESERVES,Boodge Company,strawberry fresh,250.0,0.0,0.0,65.0,
"FRESH CHOICES, STRAWBERRY SODA, STRAWBERRY, STRAWBERRY",Hot Stop Foods,strawberry fresh,50.0,0.0,0.0,13.8,
"STRAWBERRY FRESH DOUGHNUTS SHORTCAKE, STRAWBERRY",Food City,strawberry fresh,351.0,2.13,17.0,46.8,
"LUCKY COUNTRY, SOFT LICORICE CANDY, FRESH STRAWBERRY, FRESH STRAWBERRY","Lucky Country USA, LLC",strawberry fresh,350.0,2.5,1.25,80.0,
"STRAWBERRY CHEESECAKE PARFAIT WITH FRESH STRAWBERRIES, STRAWBERRY CHEESECAKE",Fresh Mix LLC ,strawberry fresh,100.0,8.0,1.0,16.0,
"MARNIE'S, FRESH FRUIT SPREAD, STRAWBERRY, STRAWBERRY",Dana Fancy Foods,strawberry fresh,200.0,0.0,0.0,66.7,
"STRAWBERRY PETIT SUISSE/FRESH CHEESE, STRAWBERRY","Danone US, LLC",strawberry fresh,107.0,,3.57,14.3,
FRESH FROZEN SLICED STRAWBERRIES,Nash Finch Company,strawberry fresh,34.0,0.67,0.0,9.4,
"Blueberries, raw",Generic,blueberry fresh,57.4,0.703,0.306,14.6,
"PALAZZOLO'S, SORBETTO, FRESH BLUEBERRY, FRESH BLUEBERRY",P.G.I. Of Saugatuck Inc.,blueberry fresh,88.0,0.0,0.0,23.9,
"YOGURT PARFAIT WITH FRESH BLUEBERRIES, FRESH BLUEBERRIES","Wal-Mart Stores, Inc.",blueberry fresh,137.0,3.32,2.49,24.9,
FRESH FROZEN BLUEBERRIES,Raley's,blueberry fresh,57.0,0.71,0.0,14.3,
PICKED FRESH BLUEBERRIES,Hannaford Bros. Co.,blueberry fresh,57.0,0.71,0.71,12.1,
"PRESERVES, FRESH BLUEBERRY",Boodge Company,blueberry fresh,250.0,0.0,0.0,65.0,
"BLUEBERRY FRESH BAKED KRUNCH, BLUEBERRY","Saker ShopRites, Inc.",blueberry fresh,267.0,1.9,10.5,43.8,
RASPBERRY,Country Time Foods LLC ,raspberry,222.0,0.0,0.0,66.7,
"Raspberries, raw",Generic,raspberry,51.4,1.01,0.188,12.9,
"RASPBERRY LEMONADE, RASPBERRY, RASPBERRY",Monster Energy Company,raspberry,25.0,0.0,0.0,6.75,
"CRACOVIA, RASPBERRY SYRUP, RASPBERRY, RASPBERRY",Thomas Brothers Ham Company,raspberry,260.0,0.0,0.0,70.0,
"ROUNDY'S, RASPBERRY STRUDEL, RASPBERRY, RASPBERRY","Finlay Extracts & Ingredients USA, Inc.",raspberry,315.0,3.7,13.0,48.2,
"RASPBERRY POPS, RASPBERRY","Soft Serve Apple, LLC",raspberry,79.0,0.0,0.0,19.7,
"RASPBERRY SORBET, RASPBERRY",Harris-Teeter Inc.,raspberry,92.0,0.0,0.0,22.9,
"RASPBERRY MOUSSE, RASPBERRY",Taste It Presents Inc.,raspberry,282.0,2.35,20.0,23.5,
"LEMONADE WITH RASPBERRY, RASPBERRY","Wegmans Food Markets, Inc. ",raspberry,50.0,0.0,0.0,12.5,
"RASPBERRY APPLESAUCE, RASPBERRY",Nash Finch Company,raspberry,53.0,0.0,0.0,15.0,
"RASPBERRY BEVERAGE, RASPBERRY",Gilda's Biscotti,raspberry,19.0,0.0,0.0,4.58,
"RASPBERRY BROWNIE, RASPBERRY","Base Culture, LLC",raspberry,404.0,8.77,24.6,40.4,
"RASPBERRY CEREAL, RASPBERRY",The Kellogg Company ,raspberry,357.0,7.14,1.19,88.1,
BLACKBERRY,SU SABOR,blackberry,25.0,0.58,0.29,4.96,
"Blackberries, raw",Generic,blackberry,,1.53,,,
"BLACKBERRY SYRUP, BLACKBERRY","A.M. Braswell, Jr. Food Co. Inc.",blackberry,367.0,1.67,0.0,91.7,
"BLACKBERRY COBBLER, BLACKBERRY","Conagra Brands, Inc.",blackberry,310.0,2.65,14.2,38.9,
"BLACKBERRY FILLING, BLACKBERRY",Pinnacle Foods Group LLC,blackberry,115.0,0.0,0.0,28.7,
"BLACKBERRY GELATIN, BLACKBERRY",The Jel Sert Company,blackberry,350.0,10.0,0.0,80.0,
"BLACKBERRY JAM, BLACKBERRY",Algood Food Company,blackberry,250.0,0.0,0.0,65.0,
"Grapes, green, seedless, raw",Generic,grapes red,71.9,0.899,0.232,18.6,
"SHOPRITE, SPARKLING RED GRAPE JUICE, RED GRAPE, RED GRAPE",Wakefern Food Corporation,grapes red,67.0,0.0,0.0,15.8,
"RED GRAPES, RED","Renaissance Food Group, LLC",grapes red,71.0,1.18,0.0,17.6,
"Beans, snap, green, raw",Generic,grapes green,33.6,1.97,0.275,7.41,
"Lettuce, leaf, green, raw",Generic,grapes green,18.5,1.09,0.156,4.07,
"Kiwifruit (kiwi), green, peeled, raw",Generic,grapes green,58.5,1.01,0.64,13.8,
"Olives, green, Manzanilla, stuffed with pimiento",Generic,grapes green,543.0,1.15,12.9,4.96,
"Pear, Anjou, green, with skin, raw",Generic,grapes green,57.3,0.312,0.371,14.8,
WATERMELON,Walgreens Co.,watermelon,31.0,0.78,0.25,7.45,
"Watermelon, seedless, flesh only, raw",Generic,watermelon,,0.871,,,
"Watermelon, seedless, rind only, raw",Generic,watermelon,23.9,0.531,0.966,3.27,
"WATERMELON CHUNKS, WATERMELON",Healing Md,watermelon,32.0,0.7,0.0,,
"WATERMELON SPEARS, WATERMELON",Country Fresh Inc.,watermelon,31.0,0.88,0.0,7.96,
"WATERMELON JUICE, WATERMELON","CoCo Joy, LLC",watermelon,32.0,0.0,0.0,8.0,
"WATERMELON LEMONADE, WATERMELON",Kibberia LLC,watermelon,44.0,0.0,0.0,11.9,
PINEAPPLE,Golden Packaging Company,pineapple,,0.0,0.0,78.6,
"Pineapple, raw",Generic,pineapple,54.0,0.461,0.211,14.1,
"PINEAPPLE, PINEAPPLE","Goya Foods, Inc. ",pineapple,51.0,0.0,0.0,12.1,
"CRUSHED PINEAPPLE IN PINEAPPLE JUICE, PINEAPPLE","Tops Markets, LLC",pineapple,57.0,0.0,0.0,13.6,
"JUPINA, PINEAPPLE SODA, PINEAPPLE, PINEAPPLE",Cawy Bottling Company Inc.,pineapple,56.0,0.0,0.0,14.1,
"PINEAPPLE CHUNKS IN PINEAPPLE JUICE, PINEAPPLE",Save Mart Supermarkets Inc.,pineapple,53.0,,0.44,12.8,
"NICE!, PEACH RINGS, PEACH, PEACH",Walgreens Co.,peach,317.0,4.88,0.0,78.0,
"PEACH PEACH RINGS CANDY, PEACH",Garden Botanika,peach,200.0,0.0,0.0,84.0,
"PEACH PRESERVES, PEACH","Wal-Mart Stores, Inc.",peach,250.0,0.0,0.0,65.0,
"PEACH CRISPS, PEACH","CAKE Development Group, Inc.",peach,333.0,6.67,0.0,80.0,
"PEACH CHIPS, PEACH","RIND Snacks, LLC",peach,321.0,7.14,0.0,75.0,
"DICED PEACHES, PEACHES","Supervalu, Inc.",peach,28.0,0.0,0.0,6.48,
"PEACH BBQ, PEACH",Steve's PaleoGoods ,peach,179.0,0.0,7.14,35.7,
"PEACH BITES, PEACH",Chili Chews,peach,267.0,0.0,0.0,66.7,
"PEACH COBBLER, PEACH","Stilwell Foods, Inc.",peach,204.0,1.77,7.96,31.0,
"Pears, raw, bartlett",Generic,pear,57.0,0.38,0.16,15.1,
"PEAR NECTAR, PEAR, PEAR",American Beverage Depot LLC,pear,50.0,0.0,0.0,12.1,
"PEAR APPLESAUCE, PEAR",Mott's LLP,pear,80.0,0.0,0.0,20.4,
"PEAR KOMBUCHA, PEAR","Tapuat, LLC",pear,20.0,0.0,0.0,4.55,
"PEAR NECTAR, PEAR",Iberia Foods Corporation,pear,38.0,0.0,0.0,11.2,
"PEAR SPREAD, PEAR","Meijer, Inc.",pear,194.0,0.0,0.0,50.0,
"BRASWELL'S, PURE PEAR PRESERVES, PEAR, PEAR","A.M. Braswell, Jr. Food Co. Inc.",pear,357.0,0.0,0.0,85.7,
"DICED PEARS IN PEAR JUICE, PEAR JUICE","Associated Wholesale Grocers, Inc.",pear,53.0,0.0,0.0,13.3,
"HALVED PEARS IN PEAR JUICE, PEAR JUICE","Associated Wholesale Grocers, Inc.",pear,48.0,0.0,0.0,12.1,
"PEAR HALVES IN PEAR JUICE, PEAR JUICE","Wal-Mart Stores, Inc.",pear,48.0,0.0,0.0,12.1,
"KIWI LEMONADE, KIWI",King Juice Co.Of Wis.Inc.,kiwi,51.0,0.0,0.0,12.2,
"KIWI TOPPING, KIWI",FELCHLIN,kiwi,183.0,0.0,0.0,44.4,
"KIWI BURSTING BOBA, KIWI",Leadway International Inc.,kiwi,93.0,,0.0,23.3,
"ALOE VERA DRINK, KIWI, KIWI","Jean-Francois Lazartigue, Inc.",kiwi,80.0,0.0,0.0,20.0,
"BERRY KIWI SALAD, BERRY KIWI","Taylor Fresh Foods, Inc.",kiwi,,2.0,4.5,,
"KIWI LEMONADE JUICE, KIWI LEMONADE",King Juice Co.Of Wis.Inc.,kiwi,44.0,0.0,0.0,11.0,
"KIWI STRAWBERRY PUNCH, KIWI STRAWBERRY","Wal-Mart Stores, Inc.",kiwi,29.0,0.0,0.0,7.08,
"KIWI STRAWBERRY SODA, KIWI STRAWBERRY",Faygo Beverages Inc.,kiwi,54.0,0.0,0.0,13.8,
CANTALOUPE,Legend Produce L.L.C.,cantaloupe,37.0,0.75,0.0,8.96,
"Melons, cantaloupe, raw",Generic,cantaloupe,141.0,0.82,0.18,8.69,
"CANTALOUPE CHUNKS, CANTALOUPE","TH Kitchens, LP",cantaloupe,36.0,0.0,,10.7,
"CANTALOUPE SPEARS, CANTALOUPE",Country Fresh Inc.,cantaloupe,35.0,0.88,0.0,7.96,
"CANTALOUPE GREEN TEA, CANTALOUPE",H E Butt Grocery Company,cantaloupe,32.0,0.0,0.0,8.0,
"CANTALOUPE SOFT DRY, CANTALOUPE",Food Castle Inc,cantaloupe,321.0,0.0,0.0,82.1,
"SOFT DRY CANTALOUPE, CANTALOUPE",Food Castle Inc,cantaloupe,321.0,0.0,0.0,82.1,
"CANTALOUPE-MELON FLAVORED CANTALOUPE DRINK MIX, CANTALOUPE-MELON",Genercon Outdoor Living Company,cantaloupe,333.0,0.0,0.0,,
"CANTALOUPE CHUNKS TAJIN, CANTALOUPE CHUNKS",Healing Md,cantaloupe,35.0,1.18,0.0,8.24,
DRIED CANTALOUPE,Kid Vids Educational Entertainment,cantaloupe,350.0,0.0,0.0,89.3,
CANTALOUPE CHUNKS,Healing Md,cantaloupe,35.0,0.88,0.0,,
"Melons, honeydew, raw",Generic,honeydew,32.9,0.531,0.216,8.15,
"HONEYDEW CHUNKS, HONEYDEW","Del Monte Fresh Produce N.A., Inc.",honeydew,35.0,0.7,0.0,9.15,
"HONEYDEW RAW KOMBUCHA, HONEYDEW",Makana Beverages Inc,honeydew,11.0,0.0,0.0,2.82,
"HONEYDEW HYDROGEN INFUSED WATER, HONEYDEW","HyEdge, Inc",honeydew,0.0,0.0,0.0,0.0,
HONEYDEW CHUNKS,Healing Md,honeydew,35.0,0.0,0.0,9.41,
HONEYDEW CHUNK,"TH Kitchens, LP",honeydew,33.0,0.0,0.0,8.89,
HONEYDEW SLICED,"Produce Packaging, Inc.",honeydew,36.0,0.71,0.0,9.29,
"HONEYDEW WITH TAPIOCA PEARLS BUBBLE TEA, HONEYDEW",sandy bumz,honeydew,55.0,1.02,1.43,9.39,
"BEECH TREE HONEYDEW HONEY, BEECH TREE HONEYDEW",TAYLOR PASS HONEY CO,honeydew,333.0,0.0,0.0,81.9,
"HONEYDEW MELON FLAVOR DRINK MIX, HONEYDEW MELON","Wal-Mart Stores, Inc.",honeydew,333.0,0.0,0.0,88.9,
"STRAWBERRY HONEYDEW CALORIE-FREE SELTZER, STRAWBERRY HONEYDEW",Polar Corporation,honeydew,0.0,0.0,0.0,0.0,
MELONS HONEYDEW CHUNKS,Zoomorphix Inc.,honeydew,129.0,1.76,0.59,33.5,
"HONEYDEW & BROWN SUGAR BUBBLE TEA, HONEYDEW & BROWN SUGAR",Honeycutt's Knitting Co.,honeydew,55.0,1.22,1.43,9.18,
"Oil, olive, extra virgin",Generic,olive oil extra virgin,,,,,
"Oil, olive, extra light",Generic,olive oil extra virgin,,,,,
"EXTRA VIRGIN OLIVE OIL, EXTRA VIRGIN OLIVE OIL","Paris Bros., Inc.",olive oil extra virgin,433.0,10.0,15.0,70.0,
"EXTRA VIRGIN OLIVE OIL, EXTRA VIRGIN",The Kroger Co.,olive oil extra virgin,800.0,0.0,93.3,0.0,
EXTRA VIRGIN  OLIVE OIL,Ferrara Food Company Inc.,olive oil extra virgin,800.0,0.0,93.3,0.0,
EXTRA VIRGIN OLIVE OIL,"Ahold USA, Inc. ",olive oil extra virgin,800.0,0.0,93.3,0.0,
COCONUT OIL,"Publix Super Markets, Inc.",coconut oil,857.0,0.0,100.0,0.0,
VEGETABLE OIL,"Safeway, Inc.",vegetable oil,857.0,0.0,100.0,0.0,
CANOLA OIL,"Goya Foods, Inc. ",canola oil,857.0,0.0,100.0,0.0,
AVOCADO OIL,"The Hain Celestial Group, Inc.",avocado oil,800.0,0.0,93.3,0.0,
SESAME OIL,Seitenbacher,sesame oil,800.0,0.0,93.3,0.0,
"Oil, canola",Generic,sesame oil,,,,,
"Oil, coconut",Generic,sesame oil,833.0,0.0,99.1,0.84,
"Oil, peanut",Generic,sesame oil,,,,,
"Oil, safflower",Generic,sesame oil,,,,,
"Oil, soybean",Generic,sesame oil,,,,,
COOKING SPRAY,"Wal-Mart Stores, Inc.",cooking spray,0.0,0.0,0.0,0.0,
CANOLA COOKING SPRAY,"Key Food Stores Co-Operative, Inc.",cooking spray,0.0,0.0,0.0,0.0,
COOKING SPRAY GHEE,The Carrington Tea Company LLC.,cooking spray,0.0,0.0,0.0,0.0,
COOKING SPRAY WITH FLOUR,Defense Commissary Agency,cooking spray,0.0,0.0,0.0,0.0,
"COOKING SPRAY, BUTTER",Horizons Network Inc.,cooking spray,0.0,0.0,0.0,0.0,
"COOKING SPRAY, COCONUT",Follmer Development Inc.,cooking spray,0.0,0.0,0.0,0.0,
"COOKING SPRAY, ORIGINAL",McIlhenny Company,cooking spray,0.0,0.0,0.0,0.0,
SOY SAUCE,Rhee Bros. Inc.,soy sauce,50.0,10.0,0.0,0.0,
TERIYAKI SAUCE,"Wismettac Asian Foods, Inc.",teriyaki sauce,139.0,0.0,0.0,33.3,
"TERIYAKI SAUCE, TERIYAKI",Nash Finch Company,teriyaki sauce,67.0,0.0,0.0,6.67,
HOT SAUCE,"The Southern Art Company, LLC",hot sauce,0.0,0.0,0.0,0.0,
SRIRACHA,Bel Brands USA Inc.,sriracha,321.0,14.3,21.4,17.9,
"HUMMUS, SRIRACHA, SRIRACHA","Hope Foods, LLC ",sriracha,179.0,3.57,10.7,10.7,
"SRIRACHA AIOLI, SRIRACHA",The Kroger Co.,sriracha,333.0,0.0,30.0,13.3,
"SRIRACHA CASHEWS, SRIRACHA","Big Y Foods, Inc.",sriracha,600.0,20.0,43.3,33.3,
"SRIRACHA HUMMUS, SRIRACHA",Target Stores,sriracha,267.0,6.67,20.0,23.3,
"SRIRACHA JACKFRUIT, SRIRACHA",Upton's Naturals Co,sriracha,67.0,2.67,0.0,13.3,
"SRIRACHA KETCHUP, SRIRACHA",The Kroger Co.,sriracha,88.0,0.0,0.0,23.5,
"SRIRACHA MAYONNAISE, SRIRACHA",Unilever Bestfoods North America,sriracha,643.0,0.0,64.3,7.14,
KETCHUP,"Beach Cities Ketchup Co, LLC",ketchup,118.0,0.0,0.0,29.4,
MUSTARD,Kingston Marketing Co,mustard,0.0,0.0,0.0,0.0,
"MUSTARD HONEY, MUSTARD",Target Stores,mustard,200.0,0.0,0.0,20.0,
MAYONNAISE,Smart & Final Iris Corporation,mayonnaise,667.0,0.0,77.8,0.0,
BBQ SAUCE,Xrsiz Wear,bbq sauce,,,,,
PASTA SAUCE,FRESH & EASY,pasta sauce,35.0,0.88,1.33,6.19,
PIZZA SAUCE,"Ahold USA, Inc. ",pizza sauce,54.0,1.79,1.79,7.14,
"Mushrooms, white button",Generic,vinegar white,24.9,2.89,0.371,4.08,
"WHITE VINEGAR, WHITE",Mira International Foods Inc.,vinegar white,0.0,0.0,0.0,0.0,
WHITE VINEGAR,"Sirob Imports, Inc.",vinegar white,0.0,0.0,0.0,0.0,
"DISTILLED WHITE VINEGAR, VINEGAR","Unified Grocers, Inc.",vinegar white,0.0,0.0,0.0,0.0,
"Cheese, dry white, queso seco",Generic,vinegar white,326.0,24.5,24.3,2.07,
APPLE CIDER VINEGAR,American Roland Food LLC,apple cider vinegar,0.0,0.0,0.0,0.0,
BALSAMIC VINEGAR,GIUSEPPE GIUSTI,balsamic vinegar,300.0,0.0,0.0,73.3,
"BLACK GROUND PEPPER, BLACK","La India Packing Co., Inc.",black pepper ground,0.0,0.0,0.0,14.3,
GROUND BLACK PEPPER,Grace Kennedy Co. Ltd,black pepper ground,0.0,0.0,0.0,0.0,
"BLACK FINE GROUND PEPPER, BLACK","Rouse's Enterprises, Inc.",black pepper ground,200.0,0.0,0.0,0.0,
COARSE GROUND BLACK PEPPER,Morton Bassett Inc.,black pepper ground,0.0,0.0,0.0,0.0,
FINE GROUND BLACK PEPPER,MRTON & BASSETT,black pepper ground,0.0,0.0,0.0,0.0,
ORGANIC GROUND BLACK PEPPER,"Wal-Mart Stores, Inc.",black pepper ground,0.0,0.0,0.0,0.0,
TELLICHERRY GROUND BLACK PEPPER,"Olde Thompson, Inc.",black pepper ground,0.0,0.0,0.0,0.0,
"Flaxseed, ground",Generic,black pepper ground,514.0,18.0,37.3,34.4,
"Bison, ground, raw",Generic,black pepper ground,164.0,19.9,8.88,-0.15,
"Lamb, ground, raw",Generic,black pepper ground,242.0,17.5,18.6,-0.251,
BLACK PEPPER GROUND ORGANIC SPICES,PRIDE OF INDIA,black pepper ground,217.0,0.0,0.0,43.5,
GARLIC POWDER,Rite Aid Corporation,garlic powder,0.0,0.0,0.0,125.0,
ONION POWDER,The Moran Group Incorporated,onion powder,417.0,0.0,0.0,83.3,
FINE ONION POWDER,"Wal-Mart Stores, Inc.",onion powder,0.0,0.0,0.0,125.0,
ORGANIC ONION POWDER,"Sugar 'N Spice, Inc.",onion powder,0.0,0.0,0.0,125.0,
PAPRIKA,"Whole Foods Market, Inc.",paprika,0.0,0.0,0.0,0.0,
CUMIN GROUND,"Finlay Extracts & Ingredients USA, Inc.",cumin ground,0.0,0.0,0.0,0.0,
GROUND CUMIN,STONEMILL,cumin ground,500.0,0.0,0.0,50.0,
"CHEFZITO, GROUND CUMIN","Sugar 'N Spice, Inc.",cumin ground,0.0,0.0,0.0,0.0,
CUMIN GROUND (SMOKED),"Sugar 'N Spice, Inc.",cumin ground,0.0,0.0,0.0,0.0,
"CUMIN GROUND, HOT","Finlay Extracts & Ingredients USA, Inc.",cumin ground,0.0,0.0,0.0,0.0,
100% ORGANIC GROUND CUMIN,Morton Bassett Inc.,cumin ground,0.0,0.0,0.0,0.0,
GROUND CUMIN PERUVIAN SEASONING,Peru Food Imports Inc.,cumin ground,,0.0,,,
GROUND GEERA ROASTED (CUMIN),C.B.P. Ltd,cumin ground,375.0,18.0,22.0,,
"SMOKED GROUND CUMIN, SMOKED","Sugar 'N Spice, Inc.",cumin ground,0.0,0.0,0.0,0.0,
TURMERIC,"Sugar 'N Spice, Inc.",turmeric,0.0,0.0,0.0,125.0,
"TURMERIC LATTE, TURMERIC","David Rio Coffee & Tea, Inc.",turmeric,375.0,0.0,0.0,75.0,
"TURMERIC LEMONADE, TURMERIC",Birch B LLC,turmeric,5.0,0.0,0.0,1.69,
"TURMERIC SAUERKRAUT, TURMERIC",Hawthorne Valley Farm,turmeric,27.0,1.79,0.0,5.36,
"TURMERIC SHOTS, TURMERIC",InfantBrace LLC,turmeric,3.0,0.0,0.0,0.85,
"DIRTYLEMON +TURMERIC JUICE, TURMERIC",Dirty Lemon Beverages LLC,turmeric,3.0,0.0,0.0,1.06,
"ORGANIC TURMERIC SUPERGHEE, TURMERIC","Bar Codes Talk, Inc.",turmeric,900.0,0.0,100.0,0.0,
"TURMERIC ORGANIC RICE, TURMERIC",Preferred Brands International,turmeric,80.0,1.6,1.6,15.2,
"TURMERIC PASTA, ROTINI, TURMERIC",Riviana Foods Inc.,turmeric,357.0,14.3,1.79,73.2,
"APRICOT & CORIANDER SAUCE, APRICOT & CORIANDER","Interggs, Inc.",coriander,94.0,1.56,4.69,14.1,
"CORIANDER & ANNATTO SEASONING, CORIANDER & ANNATTO","Goya Foods, Inc. ",coriander,0.0,0.0,0.0,0.0,
"SEASONING WITH CORIANDER & ANNATTO, CORIANDER & ANNATTO",Unilever Bestfoods North America,coriander,0.0,0.0,0.0,0.0,
CORIANDER & ANNATTO,Iberia Foods Corporation,coriander,200.0,0.0,0.0,40.0,
CORIANDER CHUTNEY,V Patel & Sons Inc,coriander,100.0,0.0,6.67,6.67,
CORIANDER POWDER,House of Spices,coriander,0.0,0.0,0.0,0.0,
CORIANDER SEED,Morton Bassett Inc.,coriander,0.0,0.0,0.0,0.0,
CORIANDER SEEDS,Multicom Publishing Incorporated,coriander,340.0,20.0,20.0,20.0,
GROUND CORIANDER,Morton Bassett Inc.,coriander,0.0,0.0,0.0,0.0,
CINNAMON,"Finlay Extracts & Ingredients USA, Inc.",cinnamon,0.0,0.0,0.0,0.0,
"CINNAMON BUNS, CINNAMON, CINNAMON","Nutrisystem, Inc.",cinnamon,275.0,13.7,2.94,52.9,
"CINNAMON BREAD WITH CINNAMON BURSTS, CINNAMON","Flowers Foods, Inc.",cinnamon,289.0,7.89,6.58,52.6,
"KROGER, CINNAMON DANISH, CINNAMON, CINNAMON",The Kroger Co.,cinnamon,357.0,5.36,16.1,50.0,
"APPLESAUCE WITH CINNAMON, CINNAMON",Harris-Teeter Inc.,cinnamon,67.0,0.0,0.0,16.7,
"CINNAMON ALMONDS, CINNAMON",R&J ALmonds,cinnamon,500.0,10.7,25.0,64.3,
"INSTANT CHOCOLATE MIX WITH NUTMEG, NUTMEG",Lasco Distributors Limited,nutmeg,464.0,3.57,12.5,85.7,
GROUND NUTMEG,Morton Bassett Inc.,nutmeg,0.0,0.0,0.0,0.0,
GROUND NUTMEG ,"Rose Spice, Inc.",nutmeg,0.0,0.0,0.0,40.0,
WHOLE NUTMEG,"Sugar 'N Spice, Inc.",nutmeg,0.0,0.0,0.0,0.0,
"NUTMEG GROUND ORGANIC SPICES, NUTMEG GROUND",PRIDE OF INDIA,nutmeg,455.0,0.0,45.4,45.4,
NUTMEG GRINDER REFILL,"Wegmans Food Markets, Inc. ",nutmeg,0.0,0.0,0.0,200.0,
ORGANIC WHOLE NUTMEG,Morton Bassett Inc.,nutmeg,0.0,0.0,0.0,0.0,
"PEACH VANILLA NUTMEG FRUIT SPREAD, PEACH VANILLA NUTMEG",Alchemist's Jam L.L.C.,nutmeg,171.0,,0.0,41.8,
"TERRA, REAL VEGETABLE CHIPS, CINNAMON & NUTMEG, CINNAMON & NUTMEG","The Hain Celestial Group, Inc.",nutmeg,500.0,3.57,35.7,46.4,
"Figs, dried, uncooked",Generic,oregano dried,249.0,3.3,0.92,62.8,
"SUN-DRIED TOMATO, KALAMATA OLIVES & OREGANO","Norpaco, Inc.",oregano dried,357.0,7.14,21.4,35.7,
SUN DRIED TOMATO & OREGANO LIGHT & CRISPY TEXTURE,Breton Enterprises Inc,oregano dried,368.0,5.26,0.0,84.2,
OREGANO,"Sugar 'N Spice, Inc.",oregano dried,0.0,0.0,0.0,0.0,
"OREGANO STIR-IN PASTE, OREGANO","Eyebobs, LLC ",oregano dried,250.0,0.0,12.5,25.0,
"OREGANO INFUSED OLIVE OIL, OREGANO",Big Five Software,oregano dried,800.0,0.0,93.3,0.0,
"TERANA, OREGANO",Dash Design Santa Cruz,oregano dried,0.0,0.0,0.0,0.0,
"BASIL & SUN DRIED TOMATO, BASIL & SUN DRIED",Munster Specialty Products LLC,basil dried,857.0,0.0,100.0,0.0,
BASIL LIGHTLY DRIED,"Eyebobs, LLC ",basil dried,0.0,0.0,0.0,0.0,
LIGHTLY DRIED BASIL,"Eyebobs, LLC ",basil dried,0.0,0.0,0.0,0.0,
"SUN DRIED TOMATO & BASIL HUMMUS, SUN DRIED TOMATO & BASIL",Tristan Publishing Inc,basil dried,214.0,7.14,12.5,21.4,
"SUN-DRIED TOMATO & BASIL HUMMUS, SUN-DRIED TOMATO & BASIL",Target Stores,basil dried,214.0,7.14,14.3,17.9,
"SUN-DRIED TOMATO BASIL WRAPS, SUN-DRIED TOMATO BASIL",Mission Foods Inc ,basil dried,310.0,8.45,6.34,54.9,
SUN-DRIED TOMATO & BASIL,"G L Mezzetta, Inc.",basil dried,467.0,6.67,46.7,0.0,
"SUN-DRIED TOMATO & BASIL CHICKEN SAUSAGE, SUN-DRIED TOMATO & BASIL","Finlay Extracts & Ingredients USA, Inc.",basil dried,156.0,18.2,7.79,3.9,
"SUN-DRIED TOMATO & BASIL ALMOND FLOUR CRACKERS, SUN-DRIED TOMATO & BASIL",Simple Mills,basil dried,500.0,10.0,26.7,60.0,
"APPLE THYME VINAIGRETTE, APPLE THYME",LITTLE SALAD BAR,thyme,400.0,0.0,40.0,10.0,
"CLEMENTINE THYME MARMALADE, CLEMENTINE THYME",Metro Corrugated & Packaging Corp.,thyme,179.0,0.0,0.0,,
"GARLIC AND THYME CRACKERS, GARLIC AND THYME",Oakley Brothers' Distillery,thyme,286.0,17.9,5.36,53.6,
"POPPY THYME CRACKERS, POPPY THYME",The Bearington Collection,thyme,448.0,6.9,13.8,72.4,
"THYME BALSAMIC REDUCTION VINEGAR, THYME","Clearbrook, LLC",thyme,400.0,20.0,0.0,40.0,
"THYME INFUSED OLIVE OIL, THYME",Big Five Software,thyme,800.0,0.0,93.3,0.0,
"FRESH FRUIT VINEGAR, VINEGAR, CITRON THYME & LEMON THYME, CITRON THYME & LEMON THYME",Current's Tackle,thyme,133.0,0.0,0.0,33.3,
BEETS THYME,"Fresh Bellies, Inc ",thyme,386.0,14.3,7.14,71.4,
ORGANIC THYME,"Sugar 'N Spice, Inc.",thyme,0.0,0.0,0.0,0.0,
ROSEMARY,"Sugar 'N Spice, Inc.",rosemary,0.0,0.0,0.0,0.0,
"ROSEMARY AIOLI, ROSEMARY",Stonewall Kitchen Ltd.,rosemary,733.0,0.0,73.3,0.0,
"ROSEMARY ALMONDS, ROSEMARY",Target Stores,rosemary,567.0,20.0,50.0,20.0,
"ROSEMARY BREAD, ROSEMARY",Cook's Gluten-Free Sourdough,rosemary,224.0,4.08,2.04,49.0,
"ROSEMARY BREADSTICKS, ROSEMARY","Lettieri & Co., Ltd.",rosemary,400.0,13.3,13.3,73.3,
PARSLEY,Casa Imports Inc.,parsley,0.0,0.0,0.0,0.0,
"PARSLEY PUREE, PARSLEY",Wow Associates Ltd.,parsley,125.0,0.0,12.5,0.0,
"GARLIC SALT WITH PARSLEY, PARSLEY",Save Mart Supermarkets Inc.,parsley,0.0,,0.0,0.0,
"PARSLEY STIR-IN PASTE, PARSLEY","Wegmans Food Markets, Inc. ",parsley,200.0,0.0,20.0,0.0,
"CILANTRO PARSLEY HUMMUS, CILANTRO PARSLEY",BKBG ENTERPRISES INC,parsley,,6.67,8.33,23.3,
"GARLIC & PARSLEY CROSTINI, GARLIC; PARSLEY","Alanric Food Distributors, Inc.",parsley,433.0,10.0,13.3,66.7,
"GARLIC SALT WITH PARSLEY, GARLIC WITH PARSLEY","Safeway, Inc.",parsley,0.0,0.0,0.0,0.0,
"PICKLED BABY CORN WITH RED PEPPER FLAKES, PICKLED WITH RED PEPPER FLAKES","Rouse's Enterprises, Inc.",red pepper flakes,36.0,,0.0,7.14,
"EXTRA HOT RED PEPPER FLAKES, EXTRA HOT",Doc Meyers' Hot Pepper Shake,red pepper flakes,0.0,0.0,0.0,0.0,
"Peppers, jalapeno, seeded, raw",Generic,red pepper flakes,24.1,0.621,0.149,5.08,
"Peppers, poblano, seeded, raw",Generic,red pepper flakes,28.0,1.43,0.191,5.14,
"Peppers, serrano, seeded, raw",Generic,red pepper flakes,29.2,0.856,0.141,6.14,
CHILI POWDER,Mojave Foods Corporation,chili powder,0.0,0.0,0.0,0.0,
CURRY POWDER,Gel Spice Company Inc,curry powder,0.0,0.0,0.0,0.0,
POTATO CHIPS,Happy's Potato Chip Company,potato chips,571.0,7.14,35.7,53.6,
TORTILLA CHIPS,Arlene's Kitchen,tortilla chips,464.0,7.14,21.4,60.7,
PRETZELS,Lieber Chocolate & Food Products Co.,pretzels,393.0,10.7,1.79,82.1,
"PRETZEL BAGELS, PRETZEL","Big Y Foods, Inc.",pretzels,274.0,9.47,1.58,52.6,
"PRETZEL BREADSTICKS, PRETZEL ",J&J Snack Foods Corp,pretzels,264.0,7.55,2.83,50.9,
"PRETZEL BUN, PRETZEL",Gonnella Baking Company,pretzels,311.0,9.46,4.73,58.1,
POPCORN,"Amplify Snack Brands, Inc.",popcorn,500.0,7.14,32.1,53.6,
COOKIES,KNO,cookies,441.0,7.37,13.3,68.4,
CRACKERS,Industrias Alimenticias Noel,crackers,468.0,7.19,21.6,57.6,
GRANOLA BAR,GLUTENULL,granola bar,300.0,10.0,20.0,20.0,
"GRANOLA BAR COOKIES, GRANOLA BAR",Macrina Baking Company,granola bar,500.0,8.82,20.6,73.5,
GRANOLA BARS,KIND Inc.,granola bar,429.0,5.71,14.3,65.7,
CHEWY GRANOLA BAR,The Kroger Co.,granola bar,417.0,4.17,10.4,75.0,
CHEWY GRANOLA BARS,,granola bar,417.0,4.17,14.6,70.8,
CRUNCHY GRANOLA BARS,,granola bar,452.0,7.14,16.7,69.0,
PROTEIN BAR,"Rexall Sundown, Inc.",protein bar,308.0,30.8,6.15,44.6,
PROTEIN BARS,PROTEIN ONE,protein bar,333.0,37.0,9.26,40.7,
"Turkey, ground, 93% lean/ 7% fat, raw",Generic,coffee ground,158.0,17.3,9.59,0.0,
ARABICA GROUND COFFEE,Eight O'Clock Coffee,coffee ground,1.0,0.28,0.0,0.28,
"Turkey, ground, 93% lean, 7% fat, pan-broiled crumbles",Generic,coffee ground,922.0,27.1,11.6,0.0,
CAFE NAJJAR GROUND COFFEE,Ets. Michel Najjar,coffee ground,500.0,20.0,20.0,60.0,
CAF ESPRESSO GROUND COFFEE,Ferrara Food Company Inc.,coffee ground,4.0,0.0,0.4,0.4,
PURE BRAZILIAN GROUND COFFEE,Ets. Michel Najjar,coffee ground,500.0,20.0,20.0,60.0,
ESPRESSO DECAFFEINATED GROUND COFFEE,Ferrara Food Company Inc.,coffee ground,193.0,0.0,17.6,17.6,
COFFEE BEANS,"Aqualink Nevada, LLC",coffee beans,500.0,7.14,32.1,42.9,
"Beans, cannellini, dry",Generic,coffee beans,337.0,21.6,2.2,59.8,
"Beans, Dry, Carioca (0% moisture)",Generic,coffee beans,,25.2,1.44,,
"Beans, Dry, Cranberry (0% moisture)",Generic,coffee beans,,24.4,1.23,,
"Beans, Dry, Navy (0% moisture)",Generic,coffee beans,,24.1,1.51,,
"Beans, Dry, Pink (0% moisture)",Generic,coffee beans,,23.4,1.2,,
"Beans, Dry, Pinto (0% moisture)",Generic,coffee beans,,23.7,1.24,,
"Beans, Dry, Tan (0% moisture)",Generic,coffee beans,,26.8,1.14,,
"Beans, Dry, Great Northern (0% moisture)",Generic,coffee beans,,24.7,1.24,,
"Beans, Dry, Light Tan (0% moisture)",Generic,coffee beans,,24.6,1.28,,
"Beans, Dry, Medium Red (0% moisture)",Generic,coffee beans,,25.5,1.04,,
TEA BAGS,"Winn-Dixie Stores, Inc.",tea bags,0.0,0.0,0.0,0.0,
"ICED TEA TEA BAGS, ICED TEA","Tetley USA, Inc.",tea bags,0.0,0.0,0.0,55.6,
BLACK TEA BAGS,"Supervalu, Inc.",tea bags,0.0,0.0,0.0,0.0,
DECAFFEINATED TEA BAGS,Lipton,tea bags,0.0,0.0,0.0,0.0,
GREEN TEA,"Dollar Only Wholesale, LLC",green tea,0.0,0.0,0.0,0.0,
ORANGE JUICE,"Prairie Farms Dairy, Inc.",orange juice,46.0,0.83,0.0,10.8,
APPLE JUICE,"Delhaize America, Inc.",apple juice,50.0,0.0,0.0,12.5,
CRANBERRY JUICE,"Delhaize America, Inc.",cranberry juice,29.0,0.0,0.0,7.5,
"Cranberry juice, not fortified, from concentrate, shelf stable",Generic,cranberry juice,31.3,0.0,0.338,7.26,
"Juice, prune, shelf-stable",Generic,cranberry juice,,0.423,,,
"CRANBERRY JUICE, CRANBERRY",Glencourt Inc.,cranberry juice,33.0,0.0,0.0,8.33,
"Juice, pomegranate, from concentrate, shelf-stable",Generic,cranberry juice,,0.0,,,
"Migliore Tomato Sauce, 106oz Can","Red Gold, Inc.",canned tomato sauce,33.0,1.64,0.0,6.56,
"Redpack Tomato Sauce, 106oz Can","Red Gold, Inc.",canned tomato sauce,33.0,1.64,0.0,6.56,
"Migliore Diced Tomatoes, 102oz Can","Red Gold, Inc.",canned diced tomatoes,21.0,0.83,0.0,4.13,
"Redpack Diced Tomatoes, 102oz Can","Red Gold, Inc.",canned diced tomatoes,21.0,0.83,0.0,4.13,
"Hunts Diced Tomatoes, 14.5 oz. Can","Conagra Brands, Inc",canned diced tomatoes,25.0,0.83,0.0,4.96,
Muir Glen Organic Diced Canned Tomatoes,GENERAL MILLS SALES INC.,canned diced tomatoes,23.0,0.77,0.0,4.62,
"Red Gold Diced Tomatoes, 102oz Can","Red Gold, Inc.",canned diced tomatoes,21.0,0.83,0.0,4.13,
"Redpack Petite Diced Tomatoes, 102oz Can","Red Gold, Inc.",canned diced tomatoes,21.0,0.83,0.0,4.13,
"Vine Ripe Diced Tomatoes, 102oz Can","Red Gold, Inc.",canned diced tomatoes,21.0,0.83,0.0,4.13,
PEANUT BUTTER,Reginald's Homemade Llc,peanut butter,600.0,20.0,50.0,20.0,
"STRAWBERRY JAM, STRAWBERRY",Country Time Foods LLC ,jam strawberry,194.0,0.0,0.0,61.1,
"Flour, wheat, all-purpose, enriched, bleached",Generic,flour all purpose,366.0,10.9,1.48,77.3,
"Flour, wheat, all-purpose, enriched, unbleached",Generic,flour all purpose,358.0,13.1,1.48,73.2,
"Flour, wheat, all-purpose, unenriched, unbleached",Generic,flour all purpose,1510.0,12.0,1.7,74.6,
"ALL-PURPOSE FLOUR, ALL-PURPOSE","New Seasons Market, LLC",flour all purpose,333.0,10.0,0.0,76.7,
ALL PURPOSE FLOUR,"I-Health, Inc.",flour all purpose,367.0,13.3,1.67,73.3,
"Flour, spelt, whole grain",Generic,flour whole wheat,341.0,14.5,2.54,70.7,
"FLOUR WHOLE WHEAT TORTILLAS, FLOUR WHOLE WHEAT","Wal-Mart Stores, Inc.",flour whole wheat,289.0,8.89,8.89,46.7,
"WHOLE WHEAT FLOUR TORTILLA, WHOLE WHEAT FLOUR",Stater Bros. Markets Inc.,flour whole wheat,263.0,7.89,7.89,44.7,
"WHOLE WHEAT FLOUR TORTILLAS, WHOLE WHEAT FLOUR","Hy-Vee, Inc.",flour whole wheat,268.0,8.93,7.14,50.0,
"WHOLE WHEAT FLOUR, WHOLE WHEAT","New Seasons Market, LLC",flour whole wheat,300.0,10.0,1.67,66.7,
WHOLE WHEAT FLOUR,"Ahold USA, Inc. ",flour whole wheat,367.0,13.3,3.33,70.0,
"Sugars, granulated",Generic,sugar white,385.0,0.0,0.32,99.6,
"Beans, Dry, Small White (0% moisture)",Generic,sugar white,,24.5,1.32,,
"Sorghum bran, white, unenriched, dry, raw",Generic,sugar white,365.0,11.2,9.26,68.7,
"Sorghum, whole grain, white, dry, raw",Generic,sugar white,341.0,10.1,4.22,73.6,
BROWN SUGAR,"General Mills, Inc.",brown sugar,375.0,0.0,0.0,100.0,
"BROWN SUGAR, BROWN","Fareway Stores, Inc.",brown sugar,375.0,0.0,0.0,100.0,
BAKING SODA,Nash Finch Company,baking soda,0.0,0.0,0.0,0.0,
BAKING POWDER,Cachere Distributing Inc.,baking powder,714.0,0.0,0.0,0.0,
"CLEAR VANILLA EXTRACT, VANILLA",Montalvan's Sales,vanilla extract,,0.0,0.0,127.0,
"PURE VANILLA EXTRACT, VANILLA",Smart & Final Iris Corporation,vanilla extract,0.0,0.0,0.0,0.0,
PURE VANILLA EXTRACT,"Amigo International, Inc.",vanilla extract,0.0,,0.0,,
"LIGHT CORN SYRUP WITH VANILLA EXTRACT, LIGHT WITH VANILLA EXTRACT","Wal-Mart Stores, Inc.",vanilla extract,400.0,0.0,0.0,100.0,
"DARK VANILLA EXTRACT, DARK VANILLA",Montalvan's Sales,vanilla extract,533.0,0.0,0.0,127.0,
"VANILLA FROZEN YOGURT WITH VANILLA EXTRACT, VANILLA","Publix Super Markets, Inc.",vanilla extract,125.0,5.21,2.08,20.8,
ORGANIC PURE VANILLA EXTRACT,Morton Bassett Inc.,vanilla extract,0.0,0.0,0.0,0.0,
"MEXICAN VANILLA PURE EXTRACT, MEXICAN VANILLA",Productos Uvavina S.A. De C.V.,vanilla extract,0.0,0.0,0.0,0.0,
"VANILLA MONK FRUIT EXTRACT DROPS, VANILLA","Saraya USA, Inc.",vanilla extract,0.0,0.0,0.0,0.0,
"LIQUID SWEETENER, STEVIA EXTRACT WITH VANILLA","Heartland Sweeteners, LLC",vanilla extract,0.0,0.0,0.0,0.0,
PREMIUM QUALITY PURE VANILLA EXTRACT,Morton Bassett Inc.,vanilla extract,240.0,0.0,0.0,0.0,
"FRENCH VANILLA STEVIA EXTRACT LIQUID, FRENCH VANILLA","Whole Foods Market, Inc.",vanilla extract,0.0,0.0,0.0,0.0,
CHOCOLATE CHIPS,Raley's,chocolate chips,467.0,6.67,26.7,66.7,
"CHOCOLATE CHOCOLATE CHIP GELATO, CHOCOLATE CHOCOLATE CHIP",Al Gelato Chicago LLC,chocolate chips,247.0,3.53,15.3,29.4,
"CHOCOLATE CHOCOLATE CHIP MUFFIN, CHOCOLATE CHOCOLATE CHIP","Saker ShopRites, Inc.",chocolate chips,382.0,5.45,23.6,41.8,
"CHOCOLATE CHOCOLATE CHIP MUFFINS, CHOCOLATE CHOCOLATE CHIP","Publix Super Markets, Inc.",chocolate chips,364.0,4.55,15.2,54.6,
"CHOCOLATE CHOCOLATE CHIP WAFFLES, CHOCOLATE CHOCOLATE CHIP","Hy-Vee, Inc.",chocolate chips,214.0,4.29,5.71,37.1,
"CHOCOLATE CHIP MACAROONS, CHOCOLATE CHIP",Goodman's Matzoh Products,chocolate chips,464.0,3.57,25.0,60.7,
"CHOCOLATE CHIP COOKIES, CHOCOLATE CHIP",Target Stores,chocolate chips,433.0,6.67,8.33,86.7,
"CHOCOLATE CHIP PULLAPART, CHOCOLATE CHIP",Zadies Bake Shop,chocolate chips,357.0,7.14,17.9,46.4,
"BROWNIES WITH CHOCOLATE CHIPS, CHOCOLATE CHIPS","Dollar Tree Stores, Inc.",chocolate chips,440.0,4.0,24.0,,
"CHOCOLATE CHIP BAGELS, CHOCOLATE CHIP","Einstein Noah Restaurant Group, Inc.",chocolate chips,0.0,,,,
Organic Whole Milk,Store Brand,🥛 Dairy,150.0,8.0,8.0,12.0,synthetic
Lactose-Free Milk,Store Brand,🥛 Dairy,130.0,8.0,5.0,15.0,synthetic
Greek Yogurt Vanilla,Store Brand,🥛 Dairy,120.0,12.0,3.0,14.0,synthetic
Skyr Yogurt,Store Brand,🥛 Dairy,100.0,15.0,0.0,10.0,synthetic
String Cheese,Store Brand,🥛 Dairy,80.0,7.0,6.0,1.0,synthetic
Plant-Based Yogurt Almond,Store Brand,🥛 Dairy,110.0,3.0,5.0,13.0,synthetic
Chicken Thighs Boneless,Store Brand,🍖 Meat & Seafood,250.0,20.0,18.0,0.0,synthetic
Ground Turkey Lean,Store Brand,🍖 Meat & Seafood,170.0,22.0,9.0,0.0,synthetic
Pork Tenderloin,Store Brand,🍖 Meat & Seafood,140.0,24.0,4.0,0.0,synthetic
Lamb Chops,Store Brand,🍖 Meat & Seafood,280.0,22.0,20.0,0.0,synthetic
Duck Breast,Store Brand,🍖 Meat & Seafood,190.0,23.0,11.0,0.0,synthetic
Shrimp Raw,Store Brand,🍖 Meat & Seafood,120.0,24.0,2.0,0.0,synthetic
Canned Tuna in Water,Store Brand,🍖 Meat & Seafood,100.0,22.0,1.0,0.0,synthetic
Salmon Smoked,Store Brand,🍖 Meat & Seafood,180.0,20.0,10.0,0.0,synthetic
Sardines in Olive Oil,Store Brand,🍖 Meat & Seafood,200.0,23.0,11.0,0.0,synthetic
Veggie Burger Plant-Based,Store Brand,🌱 Plant Protein,120.0,15.0,4.0,8.0,synthetic
Tempeh Organic,Store Brand,🌱 Plant Protein,190.0,20.0,11.0,9.0,synthetic
Seitan Wheat Protein,Store Brand,🌱 Plant Protein,140.0,25.0,2.0,6.0,synthetic
Edamame Shelled,Store Brand,🌱 Plant Protein,120.0,11.0,5.0,9.0,synthetic
Jackfruit Canned,Store Brand,🌱 Plant Protein,40.0,1.0,0.0,10.0,synthetic
Kale Fresh Organic,Store Brand,🥬 Vegetables,45.0,3.0,1.0,8.0,synthetic
Brussels Sprouts,Store Brand,🥬 Vegetables,43.0,3.0,0.0,9.0,synthetic
Asparagus,Store Brand,🥬 Vegetables,20.0,2.0,0.0,4.0,synthetic
Artichoke,Store Brand,🥬 Vegetables,60.0,3.0,0.0,13.0,synthetic
Radish,Store Brand,🥬 Vegetables,16.0,0.0,0.0,4.0,synthetic
Bok Choy,Store Brand,🥬 Vegetables,13.0,1.0,0.0,2.0,synthetic
Eggplant,Store Brand,🥬 Vegetables,35.0,1.0,0.0,8.0,synthetic
Pineapple Fresh,Store Brand,🍎 Fruits,50.0,0.5,0.0,13.0,synthetic
Mango,Store Brand,🍎 Fruits,60.0,1.0,0.0,15.0,synthetic
Pomegranate,Store Brand,🍎 Fruits,83.0,2.0,1.0,19.0,synthetic
Dragon Fruit,Store Brand,🍎 Fruits,60.0,1.0,0.0,13.0,synthetic
Lychee,Store Brand,🍎 Fruits,66.0,1.0,0.0,16.0,synthetic
Passion Fruit,Store Brand,🍎 Fruits,97.0,2.0,0.0,23.0,synthetic
Naan Bread Garlic,Store Brand,🍚 Grains,260.0,7.0,5.0,48.0,synthetic
Pita Bread Whole Wheat,Store Brand,🍚 Grains,165.0,5.0,1.0,33.0,synthetic
Corn Tortillas,Store Brand,🍚 Grains,60.0,1.0,1.0,12.0,synthetic
Rice Noodles,Store Brand,🍚 Grains,190.0,3.0,0.0,43.0,synthetic
Couscous Pearl,Store Brand,🍚 Grains,176.0,6.0,0.0,36.0,synthetic
Quinoa Tri-Color,Store Brand,🍚 Grains,220.0,8.0,4.0,39.0,synthetic
Sriracha Sauce,Store Brand,🫒 Oils & Condiments,20.0,0.0,0.0,4.0,synthetic
Tahini Sesame Paste,Store Brand,🫒 Oils & Condiments,89.0,3.0,8.0,3.0,synthetic
Fish Sauce,Store Brand,🫒 Oils & Condiments,10.0,1.0,0.0,1.0,synthetic
Gochujang Paste,Store Brand,🫒 Oils & Condiments,60.0,1.0,0.0,14.0,synthetic
Miso Paste,Store Brand,🫒 Oils & Condiments,35.0,2.0,1.0,5.0,synthetic
Harissa Paste,Store Brand,🫒 Oils & Condiments,30.0,1.0,1.0,5.0,synthetic
Brown Rice Cakes,Store Brand,📦 Other,35.0,1.0,0.0,7.0,synthetic
Hummus Classic,Store Brand,📦 Other,70.0,2.0,5.0,3.0,synthetic
Protein Chips,Store Brand,📦 Other,120.0,10.0,4.0,10.0,synthetic
Seaweed Snacks,Store Brand,📦 Other,25.0,1.0,1.0,3.0,synthetic
Trail Mix,Store Brand,📦 Other,150.0,4.0,9.0,15.0,synthetic
Protein Pancake Mix,Store Brand,🍚 Grains,180.0,12.0,3.0,28.0,synthetic
Chia Seeds,Store Brand,📦 Other,138.0,5.0,9.0,12.0,synthetic
Flaxseed Ground,Store Brand,📦 Other,55.0,2.0,4.0,3.0,synthetic
Hemp Hearts,Store Brand,📦 Other,170.0,10.0,13.0,3.0,synthetic
